smiles,labels
CNC(=O)CN(C1=O)C[C@H](c(c12)cc(Cl)cc2)C(=O)Nc3cncc(c34)cccc4,0.019733974
CNC(=O)CN(C1=O)CC(c(c12)cc(Cl)cc2)C(=O)Nc3cncc(c34)cccc4,0.052977342
CNC(=O)CN(C1=O)C[C@@H](c(c12)cc(Cl)cc2)C(=O)Nc3cncc(c34)cccc4,1.520041338
CN(C)C(=O)CN(C1=O)CC(c(c12)cc(Cl)cc2)C(=O)Nc3cncc(c34)cccc4,0.734266267
CCNC(=O)CN(C1=O)CC(c(c12)cc(Cl)cc2)C(=O)Nc3cncc(c34)cccc4,0.103539957
CCCNC(=O)CN(C1=O)CC(c(c12)cc(Cl)cc2)C(=O)Nc3cncc(c34)cccc4,0.130267441
CC(C)NC(=O)CN(C1=O)CC(c(c12)cc(Cl)cc2)C(=O)Nc3cncc(c34)cccc4,0.389227286
C1CC1NC(=O)CN(C2=O)CC(c(c23)cc(Cl)cc3)C(=O)Nc4cncc(c45)cccc5,0.112629517
FC(F)(F)CNC(=O)CN(C1=O)CC(c(c12)cc(Cl)cc2)C(=O)Nc3cncc(c34)cccc4,0.339985149
C1CC1CNC(=O)CN(C2=O)CC(c(c23)cc(Cl)cc3)C(=O)Nc4cncc(c45)cccc5,0.09722299
CNC(=O)CN(C1=O)C[C@@H](c(c12)cc(Cl)cc2)C(=O)Nc3cncc(c34)cc(Cl)cc4,0.149318832
CC(C)(C)NC(=O)CN(C1=O)CC(c(c12)cc(Cl)cc2)C(=O)Nc3cncc(c34)cccc4,0.52277236
CNC(=O)CN(C1=O)C[C@H](c(c12)cc(Cl)cc2)C(=O)Nc3cncc(c34)cc(Cl)cc4,0.938887391
C1CCC1NC(=O)CN(C2=O)CC(c(c23)cc(Cl)cc3)C(=O)Nc4cncc(c45)cccc5,0.129196155
C1CCC1CNC(=O)CN(C2=O)CC(c(c23)cc(Cl)cc3)C(=O)Nc4cncc(c45)cccc5,0.106761028
CNC(=O)CN(C1=O)CC(c(c12)cc(Cl)cc2)C(=O)Nc3cncc(c34)cc(F)cc4,0.153302784
CNC(=O)CN(C1=O)C[C@H](c(c12)cc(Cl)cc2)C(=O)Nc3cncc(c34)ccc(F)c4,0.09460163
CNC(=O)CN(C1=O)C[C@@H](c(c12)cc(Cl)cc2)C(=O)Nc3cncc(c34)ccc(F)c4,0.096430368
CNC(=O)CN(C1=O)CC(c(c12)cc(Cl)cc2)C(=O)Nc3cncc(c34)ccc(F)c4,0.119569856
C1OCC1NC(=O)CN(C2=O)CC(c(c23)cc(Cl)cc3)C(=O)Nc4cncc(c45)cccc5,0.761417572
CCNC(=O)CN(C1=O)CC(c(c12)cc(Cl)cc2)C(=O)Nc3cncc(c34)cc(F)cc4,0.16071182
CCCNC(=O)CN(C1=O)CC(c(c12)cc(Cl)cc2)C(=O)Nc3cncc(c34)cc(F)cc4,0.319762914
CNC(=O)CN(C1=O)CC(c(c12)cc(Cl)cc2)C(=O)Nc3cncc(c34)cccc4C,0.360874739
CC(C)NC(=O)CN(C1=O)CC(c(c12)cc(Cl)cc2)C(=O)Nc3cncc(c34)cc(F)cc4,0.810246176
C1CC1NC(=O)CN(C2=O)CC(c(c23)cc(Cl)cc3)C(=O)Nc4cncc(c45)cc(F)cc5,0.555723312
FC(F)(F)CNC(=O)CN(C1=O)CC(c(c12)cc(Cl)cc2)C(=O)Nc3cncc(c34)cc(F)cc4,0.878750183
CNC(=O)CN(C1=O)CC(c(c12)cc(Cl)cc2)C(=O)Nc3cncc(c34)cccc4Cl,0.091659604
CNC(=O)CN(C1=O)C[C@@H](c(c12)cc(Cl)cc2)C(=O)Nc3cncc(c34)cccc4Cl,0.09638311
C1CC1CNC(=O)CN(C2=O)CC(c(c23)cc(Cl)cc3)C(=O)Nc4cncc(c45)cc(F)cc5,0.216005724
CC(C)(C)NC(=O)CN(C1=O)CC(c(c12)cc(Cl)cc2)C(=O)Nc3cncc(c34)cc(F)cc4,1.007742801
CNC(=O)CN(C1=O)C[C@H](c(c12)cc(Cl)cc2)C(=O)Nc3cncc(c34)cccc4Cl,14.56855727
C1CCC1NC(=O)CN(C2=O)CC(c(c23)cc(Cl)cc3)C(=O)Nc4cncc(c45)cc(F)cc5,0.339983405
CNC(=O)CN(C1=O)CC(c(c12)cc(Cl)cc2)C(=O)Nc3cncc(c34)cc(cc4)NS(=O)(=O)C,0.044195139
CNC(=O)CN(C1=O)CC(c(c12)cc(Cl)cc2)C(=O)Nc3cncc(c34)ccc(c4)C(C)(C)O,0.383926527
c1c(Cl)ccc(c12)C(=O)N(CC(=O)NC)CC2(C)C(=O)Nc3cncc(c34)cccc4,0.170857533
CNC(=O)CN(C1=O)CC(c(c12)cc(Cl)cc2)C(=O)Nc3cncc(c34)ccc(c4)NS(=O)(=O)C,0.066463866
C1OCC1NC(=O)CN(C2=O)CC(c(c23)cc(Cl)cc3)C(=O)Nc4cncc(c45)cc(F)cc5,1.009152213
c1cc(Cl)cc(c12)C(CN(C)C2=O)C(=O)Nc3cncc(c34)cccc4,0.334977935
CNC(=O)CN(C1=O)CC(c(c12)cc(Cl)cc2)C(=O)Nc3cncc(c34)ccc(c4)S(=O)(=O)C,0.329601888
CNC(=O)C(C)(C)N(C1=O)CC(c(c12)cc(Cl)cc2)C(=O)Nc3cncc(c34)cccc4,1.015186295
CNC(=O)CN(C1=O)CC(c(c12)cc(Cl)cc2)C(=O)Nc3cncc(c34)cc(cc4)S(=O)(=O)C,0.074346981
C1CC1CN(C2=O)CC(c(c23)cc(Cl)cc3)C(=O)Nc4cncc(c45)cccc5,0.380802603
COCCN(C1=O)CC(c(c12)cc(Cl)cc2)C(=O)Nc3cncc(c34)cccc4,0.267278513
CCNC(=O)CN(C1=O)CC(c(c12)cc(Cl)cc2)C(=O)Nc3cncc(c34)cc(cc4)S(=O)(=O)C,0.100800485
CCCNC(=O)CN(C1=O)CC(c(c12)cc(Cl)cc2)C(=O)Nc3cncc(c34)cc(cc4)S(=O)(=O)C,0.167607832
N1CCC(C1=O)N(C2=O)CC(c(c23)cc(Cl)cc3)C(=O)Nc4cncc(c45)cccc5,0.716867739
CC(C)NC(=O)CN(C1=O)CC(c(c12)cc(Cl)cc2)C(=O)Nc3cncc(c34)cc(cc4)S(=O)(=O)C,0.332296671
C1CC1NC(=O)CN(C2=O)CC(c(c23)cc(Cl)cc3)C(=O)Nc4cncc(c45)cc(cc5)S(=O)(=O)C,0.213803645
FC(F)(F)CNC(=O)CN(C1=O)CC(c(c12)cc(Cl)cc2)C(=O)Nc3cncc(c34)cc(cc4)S(=O)(=O)C,0.287463635
C1CC1CNC(=O)CN(C2=O)CC(c(c23)cc(Cl)cc3)C(=O)Nc4cncc(c45)cc(cc5)S(=O)(=O)C,0.176486036
CC(C)(C)NC(=O)CN(C1=O)CC(c(c12)cc(Cl)cc2)C(=O)Nc3cncc(c34)cc(cc4)S(=O)(=O)C,0.248039898
C1CCC1NC(=O)CN(C2=O)CC(c(c23)cc(Cl)cc3)C(=O)Nc4cncc(c45)cc(cc5)S(=O)(=O)C,0.25205166
CS(=O)(=O)CCN(C1=O)CC(c(c12)cc(Cl)cc2)C(=O)Nc3cncc(c34)cccc4,0.176584858
c1c(Cl)ccc(c12)CN(CC(=O)NC)CC2C(=O)Nc3cncc(c34)cccc4,0.078958346
c1c(Cl)ccc(c12)CN(CC(=O)NC)C[C@@H]2C(=O)Nc3cncc(c34)cccc4,0.11170743
O=C1CC(CN1)N(C2=O)CC(c(c23)cc(Cl)cc3)C(=O)Nc4cncc(c45)cccc5,0.680757566
c1c(Cl)ccc(c12)CN(CC(=O)NC)C[C@H]2C(=O)Nc3cncc(c34)cccc4,10.57913058
C1OCC1NC(=O)CN(C2=O)CC(c(c23)cc(Cl)cc3)C(=O)Nc4cncc(c45)cc(cc5)S(=O)(=O)C,0.866251493
c1c(Cl)ccc(c12)CN(CC(=O)N(C)C)CC2C(=O)Nc3cncc(c34)cccc4,0.895886634
c1c(Cl)ccc(c12)CN(CC(=O)NCC#N)CC2C(=O)Nc3cncc(c34)cccc4,0.083383332
C1CC1NC(=O)CN(Cc(c23)ccc(Cl)c2)CC3C(=O)Nc4cncc(c45)cccc5,0.120208816
c1c(Cl)ccc(c12)CN(CC(=O)N)CC2C(=O)Nc3cncc(c34)cccc4,0.119097924
CNC(=O)C1(CC1)N(C2=O)CC(c(c23)cc(Cl)cc3)C(=O)Nc4cncc(c45)cccc5,0.055332913
c1c(Cl)ccc(c12)CN(CC(=O)NC)CC2C(=O)Nc3cncc(c34)cc(Cl)cc4,0.340167233
c1cc(Cl)cc(c12)[C@H](CNC2=O)C(=O)Nc3cncc(c34)cccc4,0.185291556
c1cc(Cl)cc(c12)C(CNC2=O)C(=O)Nc3cncc(c34)cccc4,0.207981019
c1cc(Cl)cc(c12)[C@@H](CNC2=O)C(=O)Nc3cncc(c34)cccc4,99.33333222
c1c(Cl)ccc(c12)CN(CC(=O)NC)CC2C(=O)Nc3cncc(c34)cc(cc4)COC,0.11937331
c1c(Cl)ccc(c12)CN(C(C)C(=O)NC)CC2C(=O)Nc3cncc(c34)cccc4,0.12361424
c1c(Cl)ccc(c12)CN(CC(=O)NC)CC2C(=O)Nc3cncc(c34)cc(F)cc4,0.257247695
c1c(Cl)ccc(c12)CN(CC(=O)NC)CC2C(=O)Nc3cncc(c34)ccc(c4)C(C)(C)O,0.563583322
c1cc(Cl)cc(c12)C(CNC2=O)C(=O)Nc3cncc(c34)cc(F)cc4,1.14554041
c1c(Cl)ccc(c12)CN(CC(=O)NC)CC2C(=O)Nc3cncc(c34)cc(cc4)NS(=O)(=O)C,0.072800395
c1c(Cl)ccc(c12)CN(C(=O)C)CC2C(=O)Nc3cncc(c34)cccc4,0.383156305
c1c(Cl)ccc(c12)CN(CC(=O)O)CC2C(=O)Nc3cncc(c34)cccc4,8.431233506
c1c(Cl)ccc(c12)CN(CC#N)CC2C(=O)Nc3cncc(c34)cccc4,0.334993361
c1c(Cl)ccc(c12)CN(CC(=O)NC)CC2C(=O)Nc3cncc(c34)ccc(c4)NS(=O)(=O)C,0.288260506
c1c(Cl)ccc(c12)CN(CC(F)(F)F)CC2C(=O)Nc3cncc(c34)cccc4,3.408195462
c1c(Cl)ccc(c12)CN(CC(=O)NC)CC2C(=O)Nc3cncc(c34)cc(cc4)S(=O)(=O)C,0.194350657
c1c(Cl)ccc(c12)CN(C(C3=O)CCN3)CC2C(=O)Nc4cncc(c45)cccc5,1.234859649
c1c(Cl)ccc(c12)CN([C@@H](C3=O)CCN3)C[C@H]2C(=O)Nc4cncc(c45)cccc5,4.089380684
CNC(=O)CN(C1=O)C(C)C(c(c12)cc(Cl)cc2)C(=O)Nc3cncc(c34)cc(cc4)S(=O)(=O)C,0.050000001
c1c(Cl)ccc(c12)CN(CCOC)CC2C(=O)Nc3cncc(c34)cccc4,2.264785415
c1c(Cl)ccc(c12)CN(C(=O)CC#N)CC2C(=O)Nc3cncc(c34)cccc4,0.203655002
c1c(Cl)ccc(c12)C(=O)NCC2(C)C(=O)Nc3cncc(c34)cccc4,0.875553971
c1c(Cl)ccc(c12)CN(C)CC2C(=O)Nc3cncc(c34)cccc4,2.010888183
c1c(Cl)ccc(c12)CN(CC(=O)OC)CC2C(=O)Nc3cncc(c34)cccc4,1.549999266
c1c(Cl)ccc(c12)CN(C(=O)N)CC2C(=O)Nc3cncc(c34)cccc4,0.250095011
c1cc(Cl)cc(c12)C(CNC2=O)C(=O)Nc3cncc(c34)ccc(c4)S(=O)(=O)C,2.741886706
c1cc(Cl)cc(c12)C(CNC2=O)C(=O)Nc3cncc(c34)ccc(c4)NS(=O)(=O)C,0.194977819
c1c(Cl)ccc(c12)CN(C(=O)NC)CC2C(=O)Nc3cncc(c34)cccc4,0.272488052
c1c(Cl)ccc(c12)CN(C(=O)N(C)C)CC2C(=O)Nc3cncc(c34)cccc4,0.275265817
c1c(Cl)ccc(c12)CN(C(=O)C3CC3)CC2C(=O)Nc4cncc(c45)cccc5,0.48722923
c1cc(Cl)cc(c12)[C@@H]([C@H](C)NC2=O)C(=O)Nc3cncc(c34)cccc4,0.453744745
c1c(Cl)ccc(c12)C(=O)NCC2(CC)C(=O)Nc3cncc(c34)cccc4,1.17868898
c1onc(C)c1C(=O)N(Cc(c23)ccc(Cl)c2)CC3C(=O)Nc4cncc(c45)cccc5,0.167685167
c1c(Cl)ccc(c12)C(=O)NCC2(C)C(=O)Nc3cncc(c34)ccc(c4)S(=O)(=O)C,6.623515241
CNC(=O)CN(C1)C(=O)c(ccc(Cl)c2)c2[C@@]13C(=O)N(CC3)c4cncc(c45)cccc5,0.052756645
CNC(=O)CN(C1)C(=O)c(ccc(Cl)c2)c2C13C(=O)N(CC3)c4cncc(c45)cccc5,0.106580852
CNC(=O)CN(C1)C(=O)c(ccc(Cl)c2)c2[C@]13C(=O)N(CC3)c4cncc(c45)cccc5,82.15642093
c1c(Cl)ccc(c12)CNC[C@H]2C(=O)Nc3cncc(c34)cccc4,0.288128047
c1c(Cl)ccc(c12)CNCC2C(=O)Nc3cncc(c34)cccc4,1.953393558
c1c(Cl)ccc(c12)CNC[C@@H]2C(=O)Nc3cncc(c34)cccc4,32.97036105
c1c(Cl)ccc(c12)CN(C(=O)OC)CC2C(=O)Nc3cncc(c34)cccc4,0.223647413
CNC(=O)CN(C1=O)CC(c(c12)cc(Cl)cc2)C(=O)Nc3cncc(c34)CCCC4,0.448461051
Cc(n1)[nH]cc1CN(C2=O)CC(c(c23)cc(Cl)cc3)C(=O)Nc4cncc(c45)cc(cc5)S(=O)(=O)C,0.226111843
CNC(=O)CN(C1)C(=O)c(ccc(Cl)c2)c2C13C(=O)N(CC3)c4cncc(c45)cc(Cl)cc5,0.44924867
CNC(=O)CN(C1)C(=O)c(ccc(Cl)c2)c2C13C(=O)N(CC3)c4cncc(c45)ccc(Cl)c5,0.143059012
c1c(Cl)ccc(c12)CN(C(=O)OCC)CC2C(=O)Nc3cncc(c34)cccc4,0.236473467
c1c(Cl)ccc(c12)CN(C(=O)c3cnco3)CC2C(=O)Nc4cncc(c45)cccc5,1.066714786
Cn1nccc1C(=O)N(Cc(c23)ccc(Cl)c2)CC3C(=O)Nc4cncc(c45)cccc5,0.155670114
c1c(Cl)ccc(c12)CN(Cc3ncn[nH]3)CC2C(=O)Nc4cncc(c45)cccc5,0.783520999
c1cc(Cl)cc(c12)C(C(C)NC2=O)C(=O)Nc3cncc(c34)ccc(c4)S(=O)(=O)C,1.989569975
CNC(=O)CN(C1)C(=O)c(ccc(Cl)c2)c2C13C(=O)N(CC3)c4cncc(c45)cc(F)cc5,0.42592707
c1c(Cl)ccc(c12)CN(Cc3nc(C)n[nH]3)CC2C(=O)Nc4cncc(c45)cccc5,0.750152739
c1c(Cl)ccc(c12)C(=O)NCC2(CC)C(=O)Nc3cncc(c34)ccc(c4)S(=O)(=O)C,1.450066079
CNC(=O)CN(C1)C(=O)c(ccc(Cl)c2)c2C13C(=O)N(CC3)c4cncc(c45)cccc5Cl,1.674004661
CNC(=O)CN(C1)C(=O)c(ccc(Cl)c2)c2[C@@]13C(=O)N(C(=O)C3)c4cncc(c45)cccc5,0.122527222
CNC(=O)CN(C1)C(=O)c(ccc(Cl)c2)c2C13C(=O)N(C(=O)C3)c4cncc(c45)cccc5,0.260367477
Cn(n1)ccc1CN(Cc(c23)ccc(Cl)c2)CC3C(=O)Nc4cncc(c45)ccc(F)c5,1.350100018
CNC(=O)CN(C1)C(=O)c(ccc(Cl)c2)c2[C@]13C(=O)N(C(=O)C3)c4cncc(c45)cccc5,84.5706907
Cn1cncc1C(=O)N(Cc(c23)ccc(Cl)c2)CC3C(=O)Nc4cncc(c45)cccc5,0.223776947
Cn1nncc1C(=O)N(Cc(c23)ccc(Cl)c2)CC3C(=O)Nc4cncc(c45)cccc5,0.397156472
c1c(Cl)ccc(c12)CN(C(=O)c3ncco3)CC2C(=O)Nc4cncc(c45)cccc5,0.918197839
Cc(n1)scc1CN(Cc(c23)ccc(Cl)c2)CC3C(=O)Nc4cncc(c45)ccc(F)c5,1.116268898
Fc1cc(F)cc(c12)C(CNC2=O)C(=O)Nc3cncc(c34)cccc4,1.734044378
Cc(n1)[nH]cc1CN(Cc(c23)ccc(Cl)c2)CC3C(=O)Nc4cncc(c45)ccc(F)c5,0.306662405
CNC(=O)CN(C1)Cc(ccc(Cl)c2)c2[C@]13C(=O)N(CC3)c4cncc(c45)cccc5,0.07636141
CNC(=O)CN(C1)Cc(ccc(Cl)c2)c2C13C(=O)N(CC3)c4cncc(c45)cccc5,0.115190146
c1c(Cl)ccc(c12)CN(Cc3cn(C)nn3)CC2C(=O)Nc4cncc(c45)ccc(F)c5,0.913656435
CNC(=O)CN(C1)Cc(ccc(Cl)c2)c2[C@@]13C(=O)N(CC3)c4cncc(c45)cccc5,11.92019744
N#CCNC(=O)CN(C1)Cc(ccc(Cl)c2)c2C13C(=O)N(CC3)c4cncc(c45)cccc5,0.263078441
C1CC1CNC(=O)CN(C2)Cc(ccc(Cl)c3)c3C24C(=O)N(CC4)c5cncc(c56)cccc6,0.082374239
CNC(=O)C1(CC1)N(C2)C(=O)c(ccc(Cl)c3)c3[C@@]24C(=O)N(CC4)c5cncc(c56)cccc6,0.050000001
CNC(=O)C1(CC1)N(C2)C(=O)c(ccc(Cl)c3)c3C24C(=O)N(CC4)c5cncc(c56)cccc6,0.090363854
CNC(=O)C1(CC1)N(C2)C(=O)c(ccc(Cl)c3)c3[C@]24C(=O)N(CC4)c5cncc(c56)cccc6,55.45394722
C1CC1(C)NC(=O)CN(C2)Cc(ccc(Cl)c3)c3C24C(=O)N(CC4)c5cncc(c56)cccc6,0.270577634
CNC(=O)CN(C1)Cc(ccc(Cl)c2)c2C13C(=O)N(CC3)c4cncc(c45)ccc(F)c5,0.266540491
Fc1cc(F)cc(c12)C(CNC2=O)C(=O)Nc3cncc(c34)ccc(c4)S(=O)(=O)C,3.601671245
CNC(=O)CN(C1)Cc(ccc(Cl)c2)c2C13C(=O)N(CC3)c4cncc(c45)ccc(c5)OC,0.153279934
CNC(=O)CN(C1)Cc(ccc(Cl)c2)c2C13C(=O)N(CC3)c4cncc(c45)cccc5Cl,3.279225887
CNC(=O)CN(C1)Cc(ccc(Cl)c2)c2C13C(=O)N(C(=O)C3)c4cncc(c45)cccc5,0.222018784
CNC(=O)CN(C1)Cc(ccc(Cl)c2)c2C13C(=O)N(CC3)c4cncc(c45)ccc(c5)OCCN(C)C,0.209580757
CNC(=O)C1(CC1)N(C2)C(=O)c(ccc(Cl)c3)c3C24C(=O)N(CC4)c5cncc(c56)cc(cc6)S(=O)(=O)C,0.264725262
c1c(Cl)ccc(c12)CN(S(=O)(=O)NCC)CC2C(=O)Nc3cncc(c34)cccc4,0.148609186
c1c(Cl)ccc(c12)CN(S(=O)(=O)NC)CC2C(=O)Nc3cncc(c34)cccc4,0.148652333
c1c(Cl)ccc(c12)CN(S(=O)(=O)N(C)CC)CC2C(=O)Nc3cncc(c34)cccc4,0.090534312
c1c(Cl)ccc(c12)CN(S(=O)(=O)N(C)C)CC2C(=O)Nc3cncc(c34)cccc4,0.140079191
c1c(Cl)ccc(c12)CN(S(=O)(=O)C)C[C@H]2C(=O)Nc3cncc(c34)cccc4,0.141382074
c1c(Cl)ccc(c12)CN(S(=O)(=O)NC(C)C)CC2C(=O)Nc3cncc(c34)cccc4,0.194727042
c1c(Cl)ccc(c12)CN(S(=O)(=O)C)CC2C(=O)Nc3cncc(c34)cccc4,0.20728991
c1c(Cl)ccc(c12)CN(S(=O)(=O)C)C[C@@H]2C(=O)Nc3cncc(c34)cccc4,12.3210111
c1c(Cl)ccc(c12)CN(S(=O)(=O)N3CCC3)CC2C(=O)Nc4cncc(c45)cccc5,0.158076506
c1cc(Cl)cc(c12)C(CNC2=O)C(=O)Nc3cnn(c34)cccc4,7.093374162
c1c(Cl)ccc(c12)CN(S(=O)(=O)N(C)CCC#N)CC2C(=O)Nc3cncc(c34)cccc4,0.084956929
c1c(Cl)ccc(c12)CN(S(=O)(=O)NC3CC3)CC2C(=O)Nc4cncc(c45)cccc5,0.111569975
c1c(Cl)ccc(c12)CN(S(=O)(=O)N(C)CC#N)CC2C(=O)Nc3cncc(c34)cccc4,0.116389069
C1CCC1NS(=O)(=O)N(Cc(c23)ccc(Cl)c2)CC3C(=O)Nc4cncc(c45)cccc5,0.119600269
c1c(Cl)ccc(c12)CN(S(=O)(=O)N(C)C(C)C)CC2C(=O)Nc3cncc(c34)cccc4,0.125995996
CC1CCN(C1)S(=O)(=O)N(Cc(c23)ccc(Cl)c2)CC3C(=O)Nc4cncc(c45)cccc5,0.051561178
c1c(Cl)ccc(c12)CN(S(=O)(=O)N(C3)CC3C#N)CC2C(=O)Nc4cncc(c45)cccc5,0.064267409
CNC(=O)C1(CC1)N(C2)Cc(ccc(Cl)c3)c3C24C(=O)N(CC4)c5cncc(c56)cccc6,0.073219458
c1c(Cl)ccc(c12)CN(S(=O)(=O)N(C)C3CC3)CC2C(=O)Nc4cncc(c45)cccc5,0.104096058
CN1CCN(CC1)S(=O)(=O)N(Cc(c23)ccc(Cl)c2)CC3C(=O)Nc4cncc(c45)cccc5,0.115650778
c1c(Cl)ccc(c12)CN(S(=O)(=O)N(C)CCO)CC2C(=O)Nc3cncc(c34)cccc4,0.119706203
c1c(Cl)ccc(c12)CN(S(=O)(=O)CC)CC2C(=O)Nc3cncc(c34)cccc4,0.213267015
COCCN(C)S(=O)(=O)N(Cc(c12)ccc(Cl)c1)CC2C(=O)Nc3cncc(c34)cccc4,0.104440217
c1c(Cl)ccc(c12)CN(S(=O)(=O)CC#N)CC2C(=O)Nc3cncc(c34)cccc4,0.329871609
c1c(Cl)ccc(c12)CN(S(=O)(=O)CCO)CC2C(=O)Nc3cncc(c34)cccc4,0.232084453
c1c(Cl)c(F)cc(c12)CN(S(=O)(=O)C)CC2C(=O)Nc3cncc(c34)cccc4,0.257583231
COC(=O)CN(C)S(=O)(=O)N(Cc(c12)ccc(Cl)c1)CC2C(=O)Nc3cncc(c34)cccc4,0.11533598
C1COCCN1S(=O)(=O)N(Cc(c23)ccc(Cl)c2)CC3C(=O)Nc4cncc(c45)cccc5,0.137508891
c1c(Cl)ccc(c12)CN(S(=O)(=O)c3ncc[nH]3)CC2C(=O)Nc4cncc(c45)cccc5,0.217125208
COC1(CC1)CS(=O)(=O)N(C2=O)CC(c(c23)cc(Cl)cc3)C(=O)Nc4cncc(c45)cccc5,0.210635226
c1c(Cl)ccc(c12)CN(S(=O)(=O)CCOC)CC2C(=O)Nc3cncc(c34)cccc4,0.212648432
COC1CN(C1)S(=O)(=O)N(Cc(c23)ccc(Cl)c2)CC3C(=O)Nc4cncc(c45)cccc5,0.069950137
c1c(Cl)ccc(c12)CN(S(=O)(=O)CC(C3)CS3(=O)=O)C[C@@H]2C(=O)Nc4cncc(c45)cccc5,0.077247325
c1c(Cl)ccc(c12)CN(S(=O)(=O)CC(C)C)CC2C(=O)Nc3cncc(c34)cccc4,0.107100774
c1c(Cl)ccc(c12)CN(S(=O)(=O)CC(C3)CS3(=O)=O)CC2C(=O)Nc4cncc(c45)cccc5,0.128167712
c1c(Cl)ccc(c12)CN(S(=O)(=O)CC(C3)CS3(=O)=O)C[C@H]2C(=O)Nc4cncc(c45)cccc5,8.229314297
CNC(=O)c(c1)ccc(c12)cncc2NC(=O)C3CN(Cc(c34)ccc(Cl)c4)S(=O)(=O)CC5(C)CS(=O)(=O)C5,0.110367168
c1cccc(c12)cncc2NC(=O)C3CN(Cc(c34)ccc(Cl)c4)S(=O)(=O)N5CCCC5CO,1.140014305
C1NCC1CS(=O)(=O)N(Cc(c23)ccc(Cl)c2)CC3C(=O)Nc4cncc(c45)cccc5,0.13516922
C1S(=O)(=O)CC1(C)CS(=O)(=O)N(Cc(c23)ccc(Cl)c2)C[C@H]3C(=O)Nc4cncc(c45)cccc5,0.026934385
C1S(=O)(=O)CC1(C)CS(=O)(=O)N(Cc(c23)ccc(Cl)c2)CC3C(=O)Nc4cncc(c45)cccc5,0.056804119
C1S(=O)(=O)CC1(C)CS(=O)(=O)N(Cc(c23)ccc(Cl)c2)C[C@@H]3C(=O)Nc4cncc(c45)cccc5,26.27097416
c1c(Cl)ccc(c12)CN(S(=O)(=O)CC(C#N)(C)C)C[C@H]2C(=O)Nc3cncc(c34)cccc4,0.097652813
c1c(Cl)ccc(c12)CN(S(=O)(=O)CC(C#N)(C)C)CC2C(=O)Nc3cncc(c34)cccc4,0.136008921
c1c(Cl)ccc(c12)CN(S(=O)(=O)CC3CC3)CC2C(=O)Nc4cncc(c45)cccc5,0.168288758
c1c(Cl)ccc(c12)CN(S(=O)(=O)C3CC3)CC2C(=O)Nc4cncc(c45)cccc5,0.310304857
c1c(Cl)ccc(c12)CN(S(=O)(=O)CC(C#N)(C)C)C[C@@H]2C(=O)Nc3cncc(c34)cccc4,13.19699208
c1c(Cl)ccc(c12)CN(S(=O)(=O)C3CNC3)CC2C(=O)Nc4cncc(c45)cccc5,0.27380734
c1c(Cl)ccc(c12)CN(S(=O)(=O)C3COC3)CC2C(=O)Nc4cncc(c45)cccc5,0.245934242
c1c(Cl)ccc(c12)CN(S(=O)(=O)C)CC2C(=O)Nc3cncc(c34)cccc4F,0.950566792
c1c(Cl)ccc(c12)CCN(CC(=O)N(C)C)C2C(=O)Nc3cncc(c34)cccc4,1.53593508
c1cc(Cl)cc(c12)C(CNC2=O)C(=O)Nc3cnn(c34)cccc4C,2.399768175
c1c(Cl)ccc(c12)CN(S(=O)(=O)CC3(C)CC3)C[C@H]2C(=O)Nc4cncc(c45)cccc5,0.065243771
c1c(Cl)ccc(c12)CN(S(=O)(=O)CC3(C)CC3)CC2C(=O)Nc4cncc(c45)cccc5,0.098047099
c1c(Cl)ccc(c12)CN(S(=O)(=O)CC3(C)CC3)C[C@@H]2C(=O)Nc4cncc(c45)cccc5,4.580914581
c1c(Cl)ccc(c12)CN(S(=O)(=O)CC3(C#N)CC3)CC2C(=O)Nc4cncc(c45)ccc(c5)C(=O)NC,0.115618688
c1c(Cl)ccc(c12)CN(S(=O)(=O)CC3(CC#N)CC3)CC2C(=O)Nc4cncc(c45)cccc5,0.128271619
CN(C1)CC1(C#N)CS(=O)(=O)N(Cc(c23)ccc(Cl)c2)CC3C(=O)Nc4cncc(c45)cccc5,0.151025362
c1cccc(c12)cncc2NC(=O)C3CN(Cc(c34)ccc(Cl)c4)S(=O)(=O)CC5CCOCC5,0.151689208
c1c(Cl)ccc(c12)CN(S(=O)(=O)CC(C)(C)OC)CC2C(=O)Nc3cncc(c34)cccc4,0.199953013
COC1(CC1)CS(=O)(=O)N(C2=O)CC(c(c23)cc(Cl)cc3)C(=O)Nc4cncc(c45)cc(cc5)S(=O)(=O)C,0.772657804
C1NCC1(C#N)CS(=O)(=O)N(Cc(c23)ccc(Cl)c2)C[C@H]3C(=O)Nc4cncc(c45)cccc5,0.0705573
C1NCC1(C#N)CS(=O)(=O)N(Cc(c23)ccc(Cl)c2)CC3C(=O)Nc4cncc(c45)cccc5,0.169374682
c1c(Cl)ccc(c12)CN(S(=O)(=O)CC(C)C)CC2C(=O)Nc3cncc(c34)ccc(c4)C(C)(C)O,1.217687303
C1NCC1(C#N)CS(=O)(=O)N(Cc(c23)ccc(Cl)c2)C[C@@H]3C(=O)Nc4cncc(c45)cccc5,1.61771677
c1c(Cl)ccc(c12)CN(S(=O)(=O)CC3(C#N)CC3)C[C@H]2C(=O)Nc4cncc(c45)cccc5,0.036834096
c1c(Cl)ccc(c12)CN(S(=O)(=O)CC3(C#N)CC3)CC2C(=O)Nc4cncc(c45)cccc5,0.066354802
c1c(Cl)ccc(c12)CN(S(=O)(=O)CC3(C#N)CC3)C[C@@H]2C(=O)Nc4cncc(c45)cccc5,4.112867555
c1cccc(c12)cncc2NC(=O)C3(CCOc(c34)ccc(Cl)c4)CNCCN(C5=O)C(=O)c(c56)cccc6,14.28910897
C1CCC1(C#N)CS(=O)(=O)N(Cc(c23)ccc(Cl)c2)CC3C(=O)Nc4cncc(c45)cccc5,0.059960017
c1c(Cl)ccc(c12)CN(S(=O)(=O)CC3(F)CC3)CC2C(=O)Nc4cncc(c45)cccc5,0.176279162
Cn1nc(C)cc1C(=O)N(C2)Cc(ccc(Cl)c3)c3C24C(=O)N(CC4)c5cncc(c56)cccc6,0.463982012
C1OCCC1S(=O)(=O)N(Cc(c23)ccc(Cl)c2)CC3C(=O)Nc4cncc(c45)cccc5,0.152124767
c1c(Cl)ccc(c12)CN(S(=O)(=O)CC(C3(F)F)C3)CC2C(=O)Nc4cncc(c45)cccc5,0.159448032
C1S(=O)(=O)CC1(C)CS(=O)(=O)N(Cc(c23)ccc(Cl)c2)CC3C(=O)Nc4cncc(c45)ccc(c5)C(C)(C)O,2.356234837
CCn1nccc1C(=O)N(C2)Cc(ccc(Cl)c3)c3C24C(=O)N(CC4)c5cncc(c56)cccc6,0.297012069
c1nn(C)c(c1C)C(=O)N(C2)Cc(ccc(Cl)c3)c3C24C(=O)N(CC4)c5cncc(c56)cccc6,0.682987815
c1c(Cl)ccc(c12)CN(S(=O)(=O)CC3(CC3)OC)C[C@H]2C(=O)Nc4cncc(c45)cccc5,0.067458912
c1c(Cl)ccc(c12)CN(S(=O)(=O)CC3(CC3)OC)CC2C(=O)Nc4cncc(c45)cccc5,0.101113936
C1S(=O)(=O)CC1(C)CS(=O)(=O)N(Cc(c23)ccc(Cl)c2)CC3C(=O)Nc4cncc(c45)cc(cc5)S(=O)(=O)C,0.115166294
C1S(=O)(=O)CC1(C)CS(=O)(=O)N(Cc(c23)ccc(Cl)c2)CC3C(=O)Nc4cncc(c45)cccc5Cl,0.957296201
c1c(Cl)ccc(c12)CN(S(=O)(=O)CC3(CC3)OC)C[C@@H]2C(=O)Nc4cncc(c45)cccc5,18.45866649
C1CCCC1(C#N)CS(=O)(=O)N(Cc(c23)ccc(Cl)c2)CC3C(=O)Nc4cncc(c45)cccc5,0.083698103
c1c(Cl)ccc(c12)CN(S(=O)(=O)CC3(C#N)CC3)CC2C(=O)Nc4cncc(c45)cc(Cl)cc5,0.283104498
C1S(=O)(=O)CC1(C)CS(=O)(=O)N(Cc(c23)ccc(Cl)c2)CC3C(=O)Nc4cncc(c45)ccc(c5)OCCN(C)C,0.124743562
c1c(Cl)ccc(c12)CN(S(=O)(=O)CC3(C#N)CC3)CC2C(=O)Nc4cncc(c45)ccc(F)c5,0.13661269
c1c(Cl)ccc(c12)CN(S(=O)(=O)[C@@H]([C@@H]3O)CCC3)CC2C(=O)Nc4cncc(c45)cccc5,0.137169348
CC(C)n1nccc1C(=O)N(C2)Cc(ccc(Cl)c3)c3C24C(=O)N(CC4)c5cncc(c56)cccc6,0.267639769
C1CS(=O)(=O)CCC1(C#N)CS(=O)(=O)N(Cc(c23)ccc(Cl)c2)C[C@H]3C(=O)Nc4cncc(c45)cccc5,0.061269887
C1COCCC1(C#N)CS(=O)(=O)N(Cc(c23)ccc(Cl)c2)C[C@H]3C(=O)Nc4cncc(c45)cccc5,0.073701975
C1COCCC1(C#N)CS(=O)(=O)N(Cc(c23)ccc(Cl)c2)CC3C(=O)Nc4cncc(c45)cccc5,0.115782812
C1CS(=O)(=O)CCC1(C#N)CS(=O)(=O)N(Cc(c23)ccc(Cl)c2)CC3C(=O)Nc4cncc(c45)cccc5,0.129838944
C1COCCC1(C#N)CS(=O)(=O)N(Cc(c23)ccc(Cl)c2)C[C@@H]3C(=O)Nc4cncc(c45)cccc5,15.23120169
C1CS(=O)(=O)CCC1(C#N)CS(=O)(=O)N(Cc(c23)ccc(Cl)c2)C[C@@H]3C(=O)Nc4cncc(c45)cccc5,15.30390342
c1c(Cl)ccc(c12)CN(S(=O)(=O)CC3(C#N)CC3)CC2C(=O)Nc4cncc(c45)cc(cc5)NS(=O)(=O)C,0.039615602
c1c(Cl)ccc(c12)CN(S(=O)(=O)CC3(C#N)CC3)C[C@H]2C(=O)Nc4cncc(c45)cc(cc5)NS(=O)(=O)C,0.050000001
C1CC1n2nccc2C(=O)N(C3)Cc(ccc(Cl)c4)c4C35C(=O)N(CC5)c6cncc(c67)cccc7,0.162875697
c1c(Cl)ccc(c12)CN(S(=O)(=O)CC3(C#N)CC3)CC2C(=O)Nc4cncc(c45)cc(F)cc5,0.221687992
Cn(n1)ncc1S(=O)(=O)N(Cc(c23)ccc(Cl)c2)CC3C(=O)Nc4cncc(c45)cccc5,0.268072777
c1c(Cl)ccc(c12)CN(S(=O)(=O)CC3(C#N)CC3)C[C@@H]2C(=O)Nc4cncc(c45)cc(cc5)NS(=O)(=O)C,0.742254406
c1c(Cl)ccc(c12)CCN(C(=O)C)C2C(=O)Nc3cncc(c34)cccc4,2.854838701
c1c(Cl)ccc(c12)CCN(C(=O)CC#N)C2C(=O)Nc3cncc(c34)cccc4,6.506993216
c1c(Cl)ccc(c12)CN(S(=O)(=O)CC3(C#N)CC3)CC2C(=O)Nc4cncc(c45)ccc(c5)C(C)(C)O,1.136823153
c1c(Cl)ccc(c12)CN(S(=O)(=O)CC3(C#N)CC3)CC2C(=O)Nc4cncc(c45)cccc5Cl,0.259133191
c1c(Cl)ccc(c12)CN(S(=O)(=O)CC3(C#N)CC3)CC2C(=O)Nc4cncc(c45)cc(cc5)OC,0.342407333
c1c(Cl)ccc(c12)CN(S(=O)(=O)CC3(C#N)CC3)CC2C(=O)Nc4cncc(c45)cc(cc5)N(C)S(=O)(=O)C,0.232231975
c1c(Cl)ccc(c12)CN(S(=O)(=O)CC3(C#N)CC3)CC2C(=O)Nc4cncc(c45)ccc(c5)NS(=O)(=O)C,0.267243737
c1c(Cl)ccc(c12)CN(S(=O)(=O)CC3(C#N)CC3)CC2C(=O)Nc4cncc(c45)cc(cc5)NS(=O)(=O)CC,0.050000001
c1c(Cl)ccc(c12)CN(S(=O)(=O)CC3(C#N)CC3)CC2C(=O)Nc4cncc(c45)cc(cc5)S(=O)(=O)C,0.087562037
c1c(Cl)ccc(c12)CN(S(=O)(=O)CC3(C#N)CC3)CC2C(=O)Nc4cncc(c45)ccc(c5)OCCN(C)C,0.117490881
c1c(Cl)ccc(c12)CN(S(=O)(=O)CC3(CC3)OC)CC2C(=O)Nc4cncc(c45)ccc(c5)C(C)(C)O,1.767050996
c1c(Cl)ccc(c12)CN(S(=O)(=O)CC3(C#N)CC3)CC2C(=O)Nc4cncc(c45)cc(cc5)NS(=O)(=O)C(C)C,0.089771331
c1c(Cl)ccc(c12)CN(S(=O)(=O)CC3(C#N)CC3)CC2(C)C(=O)Nc4cncc(c45)cccc5,0.096005439
c1c(Cl)ccc(c12)CN(S(=O)(=O)CC3(C#N)CC3)CC2C(=O)Nc4cncc(c45)cc(cc5)NS(=O)(=O)C6CC6,0.050000001
c1c(Cl)ccc(c12)CCN(C)C2C(=O)Nc3cncc(c34)cccc4,3.002836995
C1CCN1S(=O)(=O)N(C2)Cc(ccc(Cl)c3)c3C24C(=O)N(CC4)c5cncc(c56)cccc6,0.330051357
CCN(C)S(=O)(=O)N(C1)Cc(ccc(Cl)c2)c2C13C(=O)N(CC3)c4cncc(c45)cccc5,0.562507494
c1c(Cl)ccc(c12)CCN(CCOC)C2C(=O)Nc3cncc(c34)cccc4,1.882544112
c1c(Cl)ccc(c12)CCN(C(=O)NC)C2C(=O)Nc3cncc(c34)cccc4,2.474936034
CNC(=O)CN(C1)Cc(ccc(Cl)c2)c2[C@]13C(=O)N(CC3)c4cncc(c45)CCCC5,0.23544042
CNC(=O)CN(C1)Cc(ccc(Cl)c2)c2C13C(=O)N(CC3)c4cncc(c45)CCCC5,0.258254887
N#CCN(C)S(=O)(=O)N(C1)Cc(ccc(Cl)c2)c2C13C(=O)N(CC3)c4cncc(c45)cccc5,0.406762673
N#CCCN(C)S(=O)(=O)N(C1)Cc(ccc(Cl)c2)c2C13C(=O)N(CC3)c4cncc(c45)cccc5,0.612930533
CNC(=O)CN(C1)Cc(ccc(Cl)c2)c2[C@@]13C(=O)N(CC3)c4cncc(c45)CCCC5,99.5
N#CC1CN(C1)S(=O)(=O)N(C2)Cc(ccc(Cl)c3)c3C24C(=O)N(CC4)c5cncc(c56)cccc6,0.180909048
OCCN(C)S(=O)(=O)N(C1)Cc(ccc(Cl)c2)c2C13C(=O)N(CC3)c4cncc(c45)cccc5,0.698771352
c1cc(Cl)cc(c12)C(CNC2=O)C(=O)Nc(cn3)n(c34)cccc4,5.927547902
COCCN(C)S(=O)(=O)N(C1)Cc(ccc(Cl)c2)c2C13C(=O)N(CC3)c4cncc(c45)cccc5,0.992968567
O=S1(=O)CC(C1)CS(=O)(=O)N(C2)Cc(ccc(Cl)c3)c3C24C(=O)N(CC4)c5cncc(c56)cccc6,0.352547783
C1S(=O)(=O)CC1(C)CS(=O)(=O)N(C2)Cc(ccc(Cl)c3)c3C24C(=O)N(CC4)c5cncc(c56)cccc6,0.143631362
COC1CN(C1)S(=O)(=O)N(C2)Cc(ccc(Cl)c3)c3C24C(=O)N(CC4)c5cncc(c56)cccc6,0.223774226
N#CC(C)(C)CS(=O)(=O)N(C1)Cc(ccc(Cl)c2)c2C13C(=O)N(CC3)c4cncc(c45)cccc5,0.447952267
C1CC1(C)CS(=O)(=O)N(C2)Cc(ccc(Cl)c3)c3C24C(=O)N(CC4)c5cncc(c56)cccc6,0.265301853
C1CC1(C#N)CS(=O)(=O)N(C2)Cc(ccc(Cl)c3)c3[C@]24C(=O)N(CC4)c5cncc(c56)cccc6,0.050000001
C1CC1(C#N)CS(=O)(=O)N(C2)Cc(ccc(Cl)c3)c3C24C(=O)N(CC4)c5cncc(c56)cccc6,0.120638366
N#CCC1(CC1)CS(=O)(=O)N(C2)Cc(ccc(Cl)c3)c3C24C(=O)N(CC4)c5cncc(c56)cccc6,0.336860713
CN(C1)CCC1C(=O)NC(C)(c2cc(Cl)c(Cl)cc2)C(=O)Nc3cncc(c34)cccc4,2.867202951
C1CC1(C#N)CS(=O)(=O)N(C2)Cc(ccc(Cl)c3)c3[C@@]24C(=O)N(CC4)c5cncc(c56)cccc6,13.46040035
C1CCC1(C#N)CS(=O)(=O)N(C2)Cc(ccc(Cl)c3)c3C24C(=O)N(CC4)c5cncc(c56)cccc6,0.262697734
C1CCCC1(C#N)CS(=O)(=O)N(C2)Cc(ccc(Cl)c3)c3C24C(=O)N(CC4)c5cncc(c56)cccc6,0.244398426
COC1(CC1)CS(=O)(=O)N(C2)Cc(ccc(Cl)c3)c3C24C(=O)N(CC4)c5cncc(c56)cccc6,0.35636097
C1CC1(C#N)CS(=O)(=O)N(C2)Cc(ccc(Cl)c3)c3C24C(=O)N(CC4C)c5cncc(c56)cccc6,0.106542506
C1CC1(C(F)F)CS(=O)(=O)N(C2)Cc(ccc(Cl)c3)c3C24C(=O)N(CC4)c5cncc(c56)cccc6,0.155351204
C1CC1(C#N)CS(=O)(=O)N(C2)Cc(ccc(Cl)c3)c3C24C(=O)N(CC4)c5cncc(c56)ccc(F)c6,0.827933546
c1c(Cl)ccc(c12)OCCC2(CNC(=O)CN(C)C)C(=O)Nc3cncc(c34)cccc4,5.004723825
O1CCN(C(C)C)CC1C(=O)NC(C)(c2cc(Cl)c(Cl)cc2)C(=O)Nc3cncc(c34)cccc4,6.116338269
C1CC1(C#N)CS(=O)(=O)N(C2)Cc(ccc(Cl)c3)c3[C@]24C(=O)N(C(=O)C4)c5cncc(c56)cccc6,0.050000001
C1CC1(C)CS(=O)(=O)N(C2)Cc(ccc(Cl)c3)c3C24C(=O)N(CC4)c5cncc(c56)cc(cc6)S(=O)(=O)C,0.154932621
C1CC1(C#N)CS(=O)(=O)N(C2)Cc(ccc(Cl)c3)c3C24C(=O)N(C(=O)C4)c5cncc(c56)cccc6,0.158770444
C1CS(=O)(=O)CCC1(C#N)CS(=O)(=O)N(C2)Cc(ccc(Cl)c3)c3C24C(=O)N(CC4)c5cncc(c56)cccc6,0.210882672
C1COCCC1(C#N)CS(=O)(=O)N(C2)Cc(ccc(Cl)c3)c3C24C(=O)N(CC4)c5cncc(c56)cccc6,0.338333523
c1cccc(c12)cncc2NC(=O)C(C)(c3cc(Cl)c(Cl)cc3)NC(=O)CN(C4=O)CCN4C5CC5,7.582876407
C1CC1(C#N)CS(=O)(=O)N(C2)Cc(ccc(Cl)c3)c3C24C(=O)N(CC4)c5cncc(c56)cccc6Cl,7.793945469
c1cccc(c12)cncc2NC(=O)C3(CCOc(c34)ccc(Cl)c4)CNCc5ccc(cc5)N(CC6=O)CCN6,8.551372098
C1CC1(C#N)CS(=O)(=O)N(C2)Cc(ccc(Cl)c3)c3[C@@]24C(=O)N(C(=O)C4)c5cncc(c56)cccc6,30.17846145
C1CC1(C(F)(F)F)CS(=O)(=O)N(C2)Cc(ccc(Cl)c3)c3C24C(=O)N(CC4)c5cncc(c56)cccc6,0.156659317
C1CC1(C#N)CS(=O)(=O)N(C2)Cc(ccc(Cl)c3)c3C24C(=O)N(CC4)c5cncc(c56)ccc(c6)OC,0.214885086
C1CC1(C#N)CS(=O)(=O)N(C2)Cc(ccc(Cl)c3)c3C24C(=O)N(CC4)c5cncc(c56)cc(cc6)S(=O)(=O)C,0.103376674
c1cncc(c1C(F)(F)F)NC(=O)C2CN(S(=O)(=O)N(C)C)Cc(c23)ccc(Cl)c3,28.82758304
c1c(Cl)ccc(c12)CCNC2C(=O)Nc3cncc(c34)cccc4,1.125988276
C1CC1(C#N)CS(=O)(=O)N(C2)Cc(ccc(Cl)c3)c3C24C(=O)N(CC4)c5cncc(c56)ccc(c6)OCCN(C)C,0.160776092
COC1(CC1)CS(=O)(=O)N(C2)Cc(ccc(Cl)c3)c3C24C(=O)N(CC4)c5cncc(c56)cc(cc6)S(=O)(=O)C,0.413064288
c1cc(Cl)cc(c12)C(CNC2=O)C(=O)Nc3cnn(c34)CCCC4,30.54147909
CNC(=O)COc(cc1)c(OC)cc1CNCC2(CCOc(c23)ccc(Cl)c3)C(=O)Nc4cncc(c45)cccc5,11.75824712
C1CC1(C#N)CS(=O)(=O)N(C2)Cc(ccc(Cl)c3)c3C24C(=O)N(CC4)c5cncc(c56)cc(F)cc6Cl,23.8095474
CN(C)CCOc(c1)ccc(c12)cncc2N(CC3)C(=O)C34c5c(ccc(Cl)c5)CN(C4)S(=O)(=O)CC6(CC6)OC,0.180855585
c1c(Cl)ccc(c12)OCCC2(CNCC(=O)N(C)C)C(=O)Nc3cncc(c34)cccc4,0.602653761
c1c(Cl)ccc(c12)CN(S(=O)(=O)CC3(C#N)CC3)CC2C(=O)Nc(cnc4)c(c45)[nH]nc5,1.053474898
O=C1CCC(CN1)C(=O)NC(C)(c2cc(Cl)c(Cl)cc2)C(=O)Nc3cncc(c34)cccc4,4.09605934
c1cccc(c12)cncc2NC(=O)C3(CCOc(c34)ccc(Cl)c4)CNC(=O)C5COCCN5CC(F)(F)F,22.14865188
C1CC1(C#N)CS(=O)(=O)N(C2)Cc(ccc(Cl)c3)c3C24C(=O)N(CC4CC)c5cncc(c56)cccc6,0.074408509
c1cccc(c12)cncc2NC(=O)C3(CCOc(c34)ccc(Cl)c4)CNCc5ccc(cc5)S(=O)(=O)N,2.430218339
c1cc(Cl)c(Cl)cc1C(C)(NC(=O)CN)C(=O)Nc2cncc(c23)cccc3,4.021990766
c1cccc(c12)cncc2NC(=O)C(C)(c3cc(Cl)c(Cl)cc3)NC(=O)Cc4ccc(cc4)-n5cnnn5,4.860215764
NC(=O)COc(c(cc1)OC)cc1CNCC2(CCOc(c23)ccc(Cl)c3)C(=O)Nc4cncc(c45)cccc5,11.52400619
c1cccc(c12)cncc2NC(=O)C(C)(c3cc(Cl)c(Cl)cc3)NC(=O)COc(cc4)ccc4C(=O)N,12.41389114
c1c(Cl)ccc(c12)OCCC2C(=O)Nc3cncc(c34)cc(cc4)CN(C5)CC56CNC6,1.437438158
c1c(Cl)ccc(c12)OCCC2C(=O)Nc3cncc(c34)cc(cc4)CN5CCNCC5,1.833529797
c1c(Cl)ccc(c12)CN(S(=O)(=O)CC3(C#N)CC3)CC2C(=O)Nc(cnc4)c(c45)n(C)nc5,2.530433177
NC(=O)COc(c(c1)OC)c(OC)cc1CNCC2(CCOc(c23)ccc(Cl)c3)C(=O)Nc4cncc(c45)cccc5,12.09795974
c1c(Cl)ccc(c12)COCC2C(=O)Nc3cncc(c34)cccc4,8.080583031
c1c(Cl)ccc(c12)OCCC2C(=O)Nc3cncc(c34)ccc(c4)CN5CCNCC5,0.756085601
c1c(Cl)ccc(c12)OCCC2C(=O)Nc3cncc(c34)ccc(c4)CN(C5)CC56CNC6,1.473838024
c1c(Cl)ccc(c12)CCCC2C(=O)Nc3cncc(c34)cccc4,0.323872348
c1cc(S(=O)(=O)N)c(F)cc1CNC[C@@]2(CCOc(c23)ccc(Cl)c3)C(=O)Nc4cncc(c45)cccc5,1.800232688
c1cc(S(=O)(=O)N)c(F)cc1CNCC2(CCOc(c23)ccc(Cl)c3)C(=O)Nc4cncc(c45)cccc5,1.944856288
c1cccc(c12)cncc2NC(=O)C3(CCOc(c34)ccc(Cl)c4)CNCc5cnc(nc5)N6CCOCC6,14.3306861
c1cc(S(=O)(=O)N)c(F)cc1CNC[C@]2(CCOc(c23)ccc(Cl)c3)C(=O)Nc4cncc(c45)cccc5,27.27715506
c1c(Cl)ccc(c12)OCCC2(CNC(=O)C)C(=O)Nc3cncc(c34)cccc4,3.344840728
Cn(n1)ccc1CNCC2(CCOc(c23)ccc(Cl)c3)C(=O)Nc4cncc(c45)cccc5,0.802810856
c1c(Cl)ccc(c12)OCCC2(CNC(=O)C=C)C(=O)Nc3cncc(c34)cccc4,0.87102051
c1c(Cl)ccc(c12)CN(S(=O)(=O)C)CC2C(=O)Nc3cncc(c34)CCCC4,0.642464753
c1cccc(c12)cncc2NC(=O)C3(CCOc(c34)ccc(Cl)c4)CNCc5ccc(nc5)N(C)CCO,4.356773469
c1n[nH]c(S(=O)(=O)N)c1C(=O)NC[C@]2(CCOc(c23)ccc(Cl)c3)C(=O)Nc4cncc(c45)cccc5,1.990077145
c1cccc(c12)cncc2NC(=O)C3(CCOc(c34)ccc(Cl)c4)CNCC5CCN(C5)c6cnn(C)c6,5.374547604
COC(=O)CCc(noc1)c1CNCC2(CCOc(c23)ccc(Cl)c3)C(=O)Nc4cncc(c45)cccc5,2.514043139
c1nccn1CC(=O)NCC2(CCOc(c23)ccc(Cl)c3)C(=O)Nc4cncc(c45)cccc5,2.879608652
c1cc(Cl)c(Cl)cc1C(C)(NC(=O)COC)C(=O)Nc2cncc(c23)cccc3,9.334129007
c1c(Cl)ccc(c12)OCCC2(CNC(=O)OC)C(=O)Nc3cncc(c34)cccc4,0.572747206
c1cccc(c12)cncc2NC(=O)[C@]3(CCOc(c34)ccc(Cl)c4)CNCc5cc(c(F)cc5)S(=O)(=O)NC,1.219629638
c1cccc(c12)cncc2NC(=O)C3(CCOc(c34)ccc(Cl)c4)CNCc5cc(c(F)cc5)S(=O)(=O)NC,1.729286842
Clc1cccc(c12)C(COC2)C(=O)Nc3cncc(c34)cccc4,7.02369074
c1cccc(c12)cncc2NC(=O)[C@@]3(CCOc(c34)ccc(Cl)c4)CNCc5cc(c(F)cc5)S(=O)(=O)NC,35.95815833
c1cccc(c12)cncc2NC(=O)C3(CCOc(c34)ccc(Cl)c4)CNCC(CCO)NC(=O)OC(C)(C)C,2.168061183
c1c(Cl)ccc(c12)OCCC2(CNCCCOC)C(=O)Nc3cncc(c34)cccc4,11.38348822
c1c(Cl)ccc(c12)OCCC2(CN(C)C)C(=O)Nc3cncc(c34)cccc4,11.5330756
c1c(Cl)ccc(c12)S(=O)(=O)N(CC(=O)NC)C[C@]2(C)C(=O)Nc3cncc(c34)cccc4,0.075773678
c1c(Cl)ccc(c12)S(=O)(=O)N(CC(=O)NC)CC2(C)C(=O)Nc3cncc(c34)cccc4,0.194678505
c1c(Cl)ccc(c12)S(=O)(=O)N(CC(=O)NC)C[C@@]2(C)C(=O)Nc3cncc(c34)cccc4,16.09339682
c1cccc(c12)cncc2NC(=O)[C@@H]3CCOc(c34)ccc(Cl)c4C,3.668809443
c1c(Cl)ccc(c12)S(=O)(=O)N(CC(=O)NC)CC2(C)C(=O)Nc3cncc(c34)cc(Cl)cc4,0.393313872
c1c(Cl)ccc(c12)CCN(S(=O)(=O)C)C2C(=O)Nc3cncc(c34)cccc4,1.603474638
NC(=O)c1ccn(n1)-c(nc2)ccc2CNCC3(CCOc(c34)ccc(Cl)c4)C(=O)Nc5cncc(c56)cccc6,6.403656897
N#Cc1ccc(cc1)C(=O)NCC(=O)NC(c2cc(Cl)ccc2)C(=O)Nc3cncc(c34)cccc4,18.72811971
c1c(Cl)ccc(c12)S(=O)(=O)N(CC(=O)NC)CC2(C)C(=O)Nc3cncc(c34)cc(F)cc4,0.247957309
c1cccc(c12)cncc2NC(=O)C3(CCOc(c34)ccc(Cl)c4)CNCc5c(C)nn(C)c5N6CCOCC6,9.574191307
N#Cc1cc(nn1C)C(=O)NC(C)(c2cc(Cl)c(Cl)cc2)C(=O)Nc3cncc(c34)cccc4,10.84737432
c1cccc(c12)cncc2NC(=O)C3(CCOc(c34)ccc(Cl)c4)CNCc(n(C)nn5)c5CNC(=O)OC(C)(C)C,3.485926457
c1cccc(c12)cncc2NC(=O)C3(CCOc(c34)ccc(Cl)c4)CNCc(c5)cnc(c56)OCC(=O)N6,9.470856476
c1c(Cl)ccc(c12)S(=O)(=O)N(CC(C)C)CC2(C)C(=O)Nc3cncc(c34)cccc4,0.15307814
c1c(Cl)ccc(c12)S(=O)(=O)N(CC(=O)NC)CC2(C)C(=O)Nc3cncc(c34)cc(cc4)S(=O)(=O)C,0.160032891
C1CC1NC(=O)CN(S(=O)(=O)c(c23)ccc(Cl)c3)CC2(C)C(=O)Nc4cncc(c45)cc(cc5)S(=O)(=O)C,0.468466116
c1c(Cl)ccc(c12)S(=O)(=O)N(CC3CC3)CC2(C)C(=O)Nc4cncc(c45)cccc5,0.634333896
c1c(Cl)ccc(c12)S(=O)(=O)N(CC(=O)NC)CC2(C)C(=O)Nc3cncc(c34)cccc4Cl,1.157698579
c1ccc(Cl)cc1C(C2=O)CCN2c3cncc(c34)cccc4,1.268102447
c1ccc(Cl)cc1[C@H](C2=O)CCN2c3cncc(c34)cccc4,2.957049818
c1cccc(c12)cncc2NC(=O)C3(CCOc(c34)ccc(Cl)c4)CNCc5ccn(n5)Cc(cn6)ncc6C(=O)OC,3.089027466
c1c(Cl)ccc(c12)OCCC2(CNC)C(=O)Nc3cncc(c34)cccc4,10.4959395
c1ccc(Cl)cc1[C@@H](C2=O)CCN2c3cncc(c34)cccc4,39.49089171
C1SCC[C@@]1(O)C(=O)NC[C@]2(CCOc(c23)ccc(Cl)c3)C(=O)Nc4cncc(c45)cccc5,1.9374542
O1CCn(c12)nc(c2)C(=O)NC(C)(c3cc(Cl)c(Cl)cc3)C(=O)Nc4cncc(c45)cccc5,8.709240232
c1cccc(c12)cncc2NC(=O)C3(CCOc(c34)ccc(Cl)c4)CNCc5cnn(c5)C(CC6)CS6(=O)=O,11.67146858
c1ccc(Cl)cc1C(C2=O)N(C)CCN2c3cncc(c34)cccc4,2.210755989
c1cccc(c12)cncc2NC(=O)C3(CCOc(c34)ccc(Cl)c4)CNCc5cnn(c5)C6(C)CCS(=O)(=O)C6,24.41325716
CNC(=O)CN(C1)S(=O)(=O)c(ccc(Cl)c2)c2C13C(=O)N(CC3)c4cncc(c45)cccc5,0.274723734
CCNC(=O)CN(C1)S(=O)(=O)c(ccc(Cl)c2)c2C13C(=O)N(CC3)c4cncc(c45)cccc5,0.275118241
c1cccc(c12)cncc2N(C(=O)C=C)C(=O)C3CCOc(c34)ccc(Cl)c4,0.328150768
c1c(Cl)ccc(c12)S(=O)(=O)N(CC3CC3)CC2(C)C(=O)Nc4cncc(c45)cc(cc5)S(=O)(=O)C,0.615398267
c1cccc(c12)cncc2N(C(=O)C=C)C(=O)[C@@H]3CCOc(c34)ccc(Cl)c4,0.828004352
c1cccc(c12)cncc2NC(=O)C3CCN(c(c34)ccc(Cl)c4)Cc5ccccc5,1.0643362
c1cccc(c12)cncc2N(C(=O)C=C)C(=O)[C@H]3CCOc(c34)ccc(Cl)c4,1.447063402
c1c(Cl)ccc(c12)CCN(S(=O)(=O)N(C)C)C2C(=O)Nc3cncc(c34)cccc4,1.969941455
C1CC1CNC(=O)CN(C2)S(=O)(=O)c(ccc(Cl)c3)c3C24C(=O)N(CC4)c5cncc(c56)cccc6,0.202766791
c1cccc(c12)cncc2N(C(=O)/C=C/C(=O)OC)C(=O)[C@@H]3CCOc(c34)ccc(Cl)c4,0.49950255
c1c(Cl)ccc(c12)CCN(S(=O)(=O)NC)C2C(=O)Nc3cncc(c34)cccc4,1.54750086
c1cccc(c12)cncc2N(C(=O)/C=C/C(=O)OC)C(=O)[C@H]3CCOc(c34)ccc(Cl)c4,4.357513799
c1cccc(c12)cncc2N(C(=O)C=C)C(=O)C3COc(c34)ccc(Cl)c4,0.041629856
C1CC1(C#N)CS(=O)(=O)N(C2)Cc(ccc(Cl)c3)c3C24C(=O)N(CC4)c5cncc(c56)CCCC6,0.514550867
c1c(Cl)ccc(c12)CCN(S(=O)(=O)C3CC3)C2C(=O)Nc4cncc(c45)cccc5,1.142923294
C1CCCN1C(=O)C(O2)CCC2C(=O)NC3(CCOc(c34)ccc(Cl)c4)C(=O)Nc5cncc(c56)cccc6,2.814313399
c1cccc(c12)cncc2N3CCCC(C3=O)c4cc(Cl)ccc4,1.141501352
c1cccc(c12)cncc2NC(=O)C(c3cc(Cl)ccc3)NC(=O)CN(C4=O)CCN4C5CC5,2.347762599
c1c(Cl)ccc(c12)N(CC(=O)N(C)C)CCC2C(=O)Nc3cncc(c34)cccc4,2.542970413
c1cccc(c12)cncc2NC(=O)C3(CCOc(c34)ccc(Cl)c4)CNCc5cn(nn5)CC6CCOC6,5.97631045
n1c[nH]c(c12)CC(C(=O)N)N(C2)C(=O)CC3(CCOc(c34)ccc(Cl)c4)C(=O)Nc5cncc(c56)cccc6,9.277846884
c1c(Cl)ccc(OCC2)c1C23C(=O)N(C(=O)N3C)c4cncc(c45)cccc5,0.562748194
c1c(Cl)ccc(C(O2)CC3)c1C23C(=O)Nc4cncc(c45)cccc5,11.09736304
c1cccc(c12)cncc2NC(=O)C3(CCOc(c34)ccc(Cl)c4)CNCc5cn(nn5)CC6CCCO6,8.540302983
c1c(Cl)ccc(OCC2)c1[C@@]23C(=O)N(C(=O)N3)c4cncc(c45)cccc5,0.691612738
c1c(Cl)ccc(OCC2)c1C23C(=O)N(C(=O)N3)c4cncc(c45)cccc5,1.315997373
c1cccc(c12)cncc2N3CCCC(C3=O)c(c4)ccc(Cl)c4Cl,1.445401101
c1c(Cl)ccc(OCC2)c1[C@]23C(=O)N(C(=O)N3)c4cncc(c45)cccc5,20.50232132
N#CC1CN(C1)S(=O)(=O)NCc(ccc(Cl)c2)c2CC(=O)Nc3cncc(c34)cccc4,0.230588167
c1c(Cl)ccc(c12)S(=O)(=O)NCC2C(=O)Nc3cncc(c34)cccc4,0.33443241
c1c(Cl)ccc(c12)N(C(=O)C)CC[C@@H]2C(=O)Nc3cncc(c34)cccc4,0.354818509
c1c(Cl)ccc(c12)S(=O)(=O)N(C)CC2(C)C(=O)Nc3cncc(c34)cc(cc4)S(=O)(=O)C,0.522884288
c1c(Cl)ccc(c12)N(C(=O)C)CCC2C(=O)Nc3cncc(c34)cccc4,0.936346994
c1cc(S(=O)(=O)N)ccc1CNC(=O)CC2(CCOc(c23)ccc(Cl)c3)C(=O)Nc4cncc(c45)cccc5,3.722096457
c1c(Cl)ccc(c12)N(C(=O)C)CC[C@H]2C(=O)Nc3cncc(c34)cccc4,17.17849249
c1c(Cl)ccc(c12)OCCC2C(=O)Nc3cncc(c34)ccc(c4)S(=O)(=O)C,0.963929596
c1cc(Cl)cc(C(O2)CC3)c1C23C(=O)Nc4cncc(c45)cccc5,2.394101693
c1cccc(c12)cncc2NC(=O)C3(CCOc(c34)ccc(Cl)c4)CNCc(c(=O)n(c56)cccc5)c(n6)N7CCOCC7,12.54584793
c1c(Cl)ccc(c12)OCC[C@]2(N)C(=O)Nc3cncc(c34)cccc4,0.472738728
Cc(n1)nn(c12)CC(CC2)C(=O)NC(C)(c3cc(Cl)c(Cl)cc3)C(=O)Nc4cncc(c45)cccc5,5.098335786
N#Cc1cnn(c12)c(cn2C)CNCC3(CCOc(c34)ccc(Cl)c4)C(=O)Nc5cncc(c56)cccc6,12.09421293
c1c(Cl)ccc(c12)OCC[C@@]2(N)C(=O)Nc3cncc(c34)cccc4,47.53054716
c1c(Cl)ccc(c12)N(C(=O)N)CCC2C(=O)Nc3cncc(c34)cccc4,0.998370717
c1c(Cl)ccc(OC2)c1C23C(=O)N(C(=O)N3)c4cncc(c45)ccc(F)c5,1.384137476
OCC(F)(F)CN(CC1)CCN1C(=O)CC2(CCOc(c23)ccc(Cl)c3)C(=O)Nc4cncc(c45)cccc5,7.279669801
c1c(Cl)ccc(c12)N(CCOC)CCC2C(=O)Nc3cncc(c34)cccc4,0.563812212
c1ccc(Cl)cc1[C@]2(O)C(=O)N(CC2)c3cncc(c34)cccc4,0.737551461
c1ccc(Cl)cc1C2(O)C(=O)N(CC2)c3cncc(c34)cccc4,2.120893511
c1ccc(Cl)cc1[C@@]2(O)C(=O)N(CC2)c3cncc(c34)cccc4,90.67424715
[nH]1nccc1CN(c(c23)ccc(Cl)c2)CCC3C(=O)Nc4cncc(c45)cccc5,0.803119954
FC(F)CN(C1)[C@@H](C[C@@H]12)CN2C(=O)CC3(CCOc(c34)ccc(Cl)c4)C(=O)Nc5cncc(c56)cccc6,3.780363068
OCCN1CCCC(C12)N(CC2)C(=O)CC3(CCOc(c34)ccc(Cl)c4)C(=O)Nc5cncc(c56)cccc6,4.659618362
c1cc(Cl)cc(c12)OCCC2C(=O)N(Cc3c(=O)[nH]c(=O)[nH]c3)c4cncc(c45)cccc5,7.141395234
c1c(Cl)ccc(OCC2)c1[C@]23C(=O)N(C(=O)C3)c4cncc(c45)cccc5,0.246205667
c1c(Cl)ccc(c12)OCCC2(OC)C(=O)Nc3cncc(c34)ccc(c4)S(=O)(=O)C,0.424481519
c1c(Cl)ccc(OCC2)c1C23C(=O)N(C(=O)C3)c4cncc(c45)cccc5,0.485865064
[nH]1cncc1CN(c(c23)ccc(Cl)c2)CCC3C(=O)Nc4cncc(c45)cccc5,1.116735215
c1c(Cl)ccc(c12)NCC2(C)C(=O)Nc3cncc(c34)cccc4,1.475674989
c1c(Cl)ccc(c12)OCCC2(CNS(=O)(=O)N(C)C)C(=O)Nc3cncc(c34)cccc4,2.725075328
c1c(Cl)ccc(OCC2)c1[C@@]23C(=O)N(C(=O)C3)c4cncc(c45)cccc5,39.78892055
c1c(Cl)ccc(c12)S(=O)(=O)NCC2(CC)C(=O)Nc3cncc(c34)cccc4,0.087618552
c1c(Cl)ccc(c12)S(=O)(=O)NC[C@]2(C)C(=O)Nc3cncc(c34)cccc4,0.096801865
c1c(Cl)ccc(c12)S(=O)(=O)NCC2(C)C(=O)Nc3cncc(c34)cccc4,0.262511216
c1c(Cl)ccc(c12)OCCC2(OC)C(=O)Nc3cncc(c34)cc(cc4)S(=O)(=O)N(C)C,0.458270628
c1cccc(c12)cncc2NC(=O)C(c3cc(Cl)ccc3)NC(=O)[C@@H]4CC[C@@H](O4)C(=O)N5CCCC5,0.461679073
c1ccc(Cl)cc1C2(OC)C(=O)N(CC2)c3cncc(c34)cccc4,0.467434305
c1cccc(c12)cncc2NC(=O)[C@@H](c3cc(Cl)ccc3)NC(=O)[C@@H]4CC[C@@H](O4)C(=O)N5CCCC5,1.231399435
c1cccc(c12)cncc2NC(=O)[C@H](c3cc(Cl)ccc3)NC(=O)[C@@H]4CC[C@@H](O4)C(=O)N5CCCC5,1.421641056
c1c(Cl)c(F)cc(c12)OCCC2C(=O)Nc3cncc(c34)ccc(c4)S(=O)(=O)C,1.581014243
c1cccc(c12)cncc2NC(=O)C(c3cc(Cl)ccc3)NC(=O)[C@H]4CC[C@@H](O4)C(=O)N5CCCC5,2.375563114
c1c(Cl)ccc(c12)S(=O)(=O)NC[C@@]2(C)C(=O)Nc3cncc(c34)cccc4,2.528108427
c1cccc(c12)cncc2NC(=O)C(c3cc(Cl)ccc3)NC(=O)[C@@H]4CC[C@H](O4)C(=O)N5CCCC5,4.484143781
Cn1cncc1CN(C2CC2)C(=O)CC3(CCOc(c34)ccc(Cl)c4)C(=O)Nc5cncc(c56)cccc6,6.102442617
c1cccc(c12)cncc2NC(=O)[C@H](c3cc(Cl)ccc3)NC(=O)[C@H]4CC[C@H](O4)C(=O)N5CCCC5,6.386325926
c1cccc(c12)cncc2NC(=O)C(c3cc(Cl)ccc3)NC(=O)[C@H]4CC[C@H](O4)C(=O)N5CCCC5,19.35508658
c1cccc(c12)cncc2NC(=O)[C@@H](c3cc(Cl)ccc3)NC(=O)[C@H]4CC[C@H](O4)C(=O)N5CCCC5,42.98673773
c1c(Cl)ccc(c12)OC[C@H](C)[C@H]2C(=O)Nc3cncc(c34)cccc4,0.156731529
c1c(Cl)ccc(OCC2)c1C23C(=O)N(CC3)c4cncc(c45)cccc5,0.666219625
[nH]1ncnc1CN(c(c23)ccc(Cl)c2)CCC3C(=O)Nc4cncc(c45)cccc5,1.403751579
c1c(Cl)ccc(c12)OC[C@@H](C)[C@H]2C(=O)Nc3cncc(c34)cccc4,1.713488243
c1cccc(c12)cncc2NC(=O)C(c3cc(Cl)ccc3)NC(=O)COc(cc4)ccc4C(=O)N,3.032758307
c1c(Cl)ccc(c12)OCC[C@@]2(CN)C(=O)Nc3cncc(c34)cccc4,5.02056839
c1cccc(c12)cncc2NC(=O)C(c3cc(Cl)ccc3)NC(=O)Cc4ccc(cc4)-n5cnnn5,10.2511787
c1c(Cl)ccc(c12)OCC[C@]2(CN)C(=O)Nc3cncc(c34)cccc4,82.2405956
c1c(Cl)ccc(c12)OC[C@H](C)[C@@H]2C(=O)Nc3cncc(c34)cccc4,99.5
c1c(Cl)ccc(c12)OC[C@@H](C)[C@@H]2C(=O)Nc3cncc(c34)cccc4,99.5
N#Cc1cc(Cl)cc(c12)C(CCN2)C(=O)Nc3cncc(c34)cccc4,0.242158493
c1c(Cl)ccc(c12)N(C)CC[C@@H]2C(=O)Nc3cncc(c34)cccc4,0.24576358
c1c(Cl)ccc(c12)OCCC2C(=O)Nc3cncc(c34)cc(cc4)S(=O)(=O)C,0.427099624
c1c(Cl)ccc(c12)N(C)CCC2C(=O)Nc3cncc(c34)cccc4,0.442977049
c1c(Cl)ccc(c12)OCCC2(OC)C(=O)Nc3cncc(c34)ccc(c4)S(=O)(=O)NC,0.594022286
C1S(=O)(=O)CC(C12)CN(CC2)C(=O)CC3(CCOc(c34)ccc(Cl)c4)C(=O)Nc5cncc(c56)cccc6,1.668461043
c1cccc(c12)cncc2NC(=O)C(c3cc(Cl)ccc3)NC[C@@H](O4)CC[C@@H]4C(=O)N5CCCC5,2.769654593
C1CCC1C(=O)NC(C)C(=O)NC(c2cc(Cl)ccc2)C(=O)Nc3cncc(c34)cccc4,4.805891181
c1c(Cl)ccc(c12)OCCC2(CC(=O)N3C[C@H](C[C@H]34)N(C)C4)C(=O)Nc5cncc(c56)cccc6,6.392763014
OCCCN(CC1)CCN1C(=O)CC2(CCOc(c23)ccc(Cl)c3)C(=O)Nc4cncc(c45)cccc5,9.980998265
c1c(Cl)ccc(c12)N(C)CC[C@H]2C(=O)Nc3cncc(c34)cccc4,54.42346807
OCCN1CCN(CC1C)C(=O)CC2(CCOc(c23)ccc(Cl)c3)C(=O)Nc4cncc(c45)cccc5,99.5
c1c(Cl)ccc(c12)S(=O)(=O)NCC2(C)C(=O)Nc3cncc(c34)cc(cc4)S(=O)(=O)C,0.171871148
c1c(Cl)c(Cl)cc(c12)OCC[C@]2(OC)C(=O)Nc3cncc(c34)cccc4,0.307333073
c1c(Cl)ccc(c12)S(=O)(=O)NCC2(C)C(=O)Nc3cncc(c34)ccc(F)c4,0.441467522
c1[nH]ncc1C2CCCCN2C(=O)CC3(CCOc(c34)ccc(Cl)c4)C(=O)Nc5cncc(c56)cccc6,0.523533413
c1c(Cl)c(Cl)cc(c12)OCCC2(OC)C(=O)Nc3cncc(c34)cccc4,0.545203165
c1cccc(c12)cncc2N(CCC3)C(=O)C34c5c(NCC4)ccc(Cl)c5,1.291637125
CC(=O)N(C1)C(CC12)CN2C(=O)CC3(CCOc(c34)ccc(Cl)c4)C(=O)Nc5cncc(c56)cccc6,3.785171189
c1ccc(Cl)c(c12)OCC2C(=O)Nc3cncc(c34)cccc4,4.757495619
N#CCCN(CC1)CCN1C(=O)CC2(CCOc(c23)ccc(Cl)c3)C(=O)Nc4cncc(c45)cccc5,21.3015932
OCCN(C)C1CCN(CC1)C(=O)CC2(CCOc(c23)ccc(Cl)c3)C(=O)Nc4cncc(c45)cccc5,37.60213015
c1c(Cl)c(Cl)cc(c12)OCC[C@@]2(OC)C(=O)Nc3cncc(c34)cccc4,60.91697491
c1c(Cl)ccc(OCC2)c1[C@]23C(=O)N(C(=O)O3)c4cncc(c45)cccc5,80.86991214
c1c(Cl)ccc(OCC2)c1[C@@]23C(=O)N(C(=O)O3)c4cncc(c45)cccc5,99.5
c1c(Cl)ccc(OCC2)c1C23C(=O)N(C(=O)O3)c4cncc(c45)cccc5,99.5
c1c(Cl)ccc(c12)OCCC2(CC(=O)Nc3nnco3)C(=O)Nc4cncc(c45)cccc5,99.5
c1c(Cl)ccc(c12)OCC[C@@]2(OC)C(=O)Nc3cncc(c34)cccc4,0.084033067
c1c(Cl)ccc(c12)OCCC2(OC)C(=O)Nc3cncc(c34)cccc4,0.185607307
c1c(Cl)ccc(c12)OCCC2(OC)C(=O)Nc3cncc(c34)cc(cc4)S(=O)(=O)NC,0.76673102
c1c(Cl)ccc(c12)OCCC2C(=O)Nc3cncc(c34)cc(CO)cc4,1.395246611
N#Cc(c1)ccc(c12)cncc2NC(=O)C3CCOc(c34)ccc(Cl)c4,2.750050847
c1cccc(c12)cncc2NC(=O)C(CCO3)c(c34)cc(Cl)cc4OCc5ccccn5,6.429828457
c1c(Cl)ccc(c12)OCC[C@]2(OC)C(=O)Nc3cncc(c34)cccc4,38.54485332
c1c(Cl)ccc(c12)OCCC2C(=O)Nc3cncc(c34)ccc(C(F)(F)F)c4,99.5
c1c(Cl)ccc(c12)OCC[C@@]2(OC)C(=O)Nc3cncc(c34)ccc(c4)OC,0.06881342
c1c(Cl)ccc(c12)OCCC2(OC)C(=O)Nc3cncc(c34)ccc(c4)OC,0.118381252
c1c(Cl)ccc(c12)OCC[C@@]2(OC)C(=O)Nc3cncc(c34)ccc(F)c4,0.163757761
c1c(Cl)ccc(c12)OCCC2(OC)C(=O)Nc3cncc(c34)ccc(F)c4,0.246040982
CS(=O)(=O)NCc(ccc(Cl)c1)c1CC(=O)Nc2cncc(c23)cccc3,0.375898535
c1c(Cl)ccc(c12)S(=O)(=O)NCC2(C)C(=O)Nc3cncc(c34)cccc4Cl,1.869053214
c1cnn(c12)CC(C)N(C2)C(=O)CC3(CCOc(c34)ccc(Cl)c4)C(=O)Nc5cncc(c56)cccc6,2.208377739
c1c(Cl)ccc(c12)OCC[C@]2(OC)C(=O)Nc3cncc(c34)ccc(c4)OC,4.184059172
CC1CN(C)CCN1C(=O)CC2(CCOc(c23)ccc(Cl)c3)C(=O)Nc4cncc(c45)cccc5,6.35844952
c1cccc(c12)cncc2NC(=O)C(c3cc(Cl)ccc3)NC(=O)C(C4)ON=C4c5cnn(C)c5,7.190307008
CC1CN(CCO)CCN1C(=O)CC2(CCOc(c23)ccc(Cl)c3)C(=O)Nc4cncc(c45)cccc5,14.5316268
c1c(Cl)ccc(c12)OCC[C@]2(OC)C(=O)Nc3cncc(c34)ccc(F)c4,23.34606546
c1cccc(c12)cncc2NC(=O)C(CCO3)c(c34)cc(Cl)cc4OCc5ccccc5,36.53052832
c1c(Cl)ccc(c12)OCC[C@H]2C(=O)Nc3cncc(c34)cccc4,0.209392336
c1c(Cl)ccc(c12)OCCC2C(=O)Nc3cncc(c34)cccc4,0.359483298
c1c(Cl)ccc(c12)OC[C@H]2C(=O)Nc3cncc(c34)cccc4,0.560423842
c1c(Cl)ccc(c12)NC(=O)C2(C)C(=O)Nc3cncc(c34)cccc4,0.609049007
n1[nH]ccc1C2CCCCN2C(=O)CC3(CCOc(c34)ccc(Cl)c4)C(=O)Nc5cncc(c56)cccc6,0.615949164
c1nccn1CC2CCCN2C(=O)CC3(CCOc(c34)ccc(Cl)c4)C(=O)Nc5cncc(c56)cccc6,0.619684205
c1c(Cl)ccc(c12)OCC2C(=O)Nc3cncc(c34)cccc4,0.764138838
c1c(Cl)ccc(c12)OCC[C@@]2(O)C(=O)Nc3cncc(c34)cccc4,0.987977938
O1CCC[C@H]1C(=O)NC(c2cc(Cl)ccc2)C(=O)Nc3cncc(c34)cccc4,2.287593346
c1c(Cl)ccc(c12)OCCC2C(=O)Nc3cncc(c34)cc(cc4)Cn5ccnc5C,5.315360873
c1c(Cl)ccc(c12)OCC[C@@H]2C(=O)Nc3cncc(c34)cccc4,49.8
c1c(Cl)ccc(c12)OC[C@@H]2C(=O)Nc3cncc(c34)cccc4,53.39877179
c1c(Cl)ccc(c12)OCC[C@]2(O)C(=O)Nc3cncc(c34)cccc4,99.5
c1cccc(c12)cncc2NC(=O)Cc3cc(cc(Cl)c3)N(CC4)CCN4C(=O)c5ccco5,0.720498858
c1ccc(Cl)cc1C2(OC)C(=O)N(CCC2)c3cncc(c34)cccc4,2.077877034
CS(=O)(=O)N(C1)CCC(C1C)NC(=O)CC2(CCOc(c23)ccc(Cl)c3)C(=O)Nc4cncc(c45)cccc5,2.785937768
Clc1c(Cl)ccc(c12)C(CCO2)C(=O)Nc3cncc(c34)cccc4,3.313928403
c1c(Cl)ccc(c12)OCC[C@@H]2C(=O)Nc3c[n+]([O-])cc(c34)cccc4,30.89184304
c1c(Cl)ccc(c12)OCC[C@H]2C(=O)Nc3c[n+]([O-])cc(c34)cccc4,99.5
c1c(Cl)ccc(c12)OCCC2(OC)C(=O)Nc3cncc(c34)ccc(c4)NS(=O)(=O)C,0.145402395
c1c(Cl)c(Cl)cc(c12)OCCC2C(=O)Nc3cncc(c34)cccc4,0.205827854
Clc1cc(Cl)cc(c12)C(CCO2)C(=O)Nc3cncc(c34)cccc4,0.265499533
c1cccc(c12)cncc2N(CCC3)C(=O)[C@@]34c5c(OCC4)ccc(Cl)c5,0.364616345
c1c(Cl)ccc(c12)OCCC2(OC)C(=O)Nc3cncc(c34)cc(F)cc4,0.411301181
c1cccc(c12)cncc2N(CCC3)C(=O)C34c5c(OCC4)ccc(Cl)c5,0.489131443
c1c(Cl)ccc(c12)OCCC2(CO)C(=O)Nc3cncc(c34)cccc4,1.088035845
C1OCCC1N(CC2)CCN2C(=O)C[C@@]3(CCOc(c34)ccc(Cl)c4)C(=O)Nc5cncc(c56)cccc6,1.991514553
c1ccc(Cl)cc1CC(=O)Nc2cncc(c23)cc(cc3)C(=O)N(C)C,2.441615241
c1cccc(c12)cncc2NC(=O)C(CCO3)c(c34)cc(Cl)cc4OCc5ccncc5,3.454438636
c1c(Cl)ccc(c12)OCCC2(CNS(=O)(=O)C)C(=O)Nc3cncc(c34)cccc4,3.871836316
C1OCCC1N(CC2)CCN2C(=O)CC3(CCOc(c34)ccc(Cl)c4)C(=O)Nc5cncc(c56)cccc6,6.684286588
C1OCCC1N(CC2)CCN2C(=O)C[C@]3(CCOc(c34)ccc(Cl)c4)C(=O)Nc5cncc(c56)cccc6,46.52452685
c1cccc(c12)cncc2N(CCC3)C(=O)[C@]34c5c(OCC4)ccc(Cl)c5,99.5
c1cccc(c12)cncc2NC(=O)C3(CCOc(c34)ccc(Cl)c4)CNCc(n5C)nc(c56)n(C)c(=O)[nH]c6=O,99.5
c1c(Cl)ccc(c12)OCCC2C(=O)Nc3cncc(c34)ccc(c4)O,0.175653079
c1c(Cl)ccc(c12)OCC[C@H]2C(=O)Nc3cncc(c34)ccc(F)c4,0.322463422
c1c(Cl)c(Cl)cc(c12)NCCC2C(=O)Nc3cncc(c34)ccc(c4)S(=O)(=O)C,0.526050173
Oc1cc(Cl)cc(c12)C(CCO2)C(=O)Nc3cncc(c34)cccc4,0.579210691
c1c(Cl)ccc(c12)OCCC2(COCC(=O)N(C)C)C(=O)Nc3cncc(c34)cccc4,0.651546347
c1c(Cl)ccc(c12)OCCC2C(=O)Nc3cncc(c34)ccc(F)c4,0.766615617
[nH]1ccnc1CN(c(c23)ccc(Cl)c2)CCC3C(=O)Nc4cncc(c45)cccc5,0.780118365
Cn1ccnc1CN(C2CC2)C(=O)CC3(CCOc(c34)ccc(Cl)c4)C(=O)Nc5cncc(c56)cccc6,5.053344967
Cn1nnnc1C2=CCN(CC2)C(=O)CC3(CCOc(c34)ccc(Cl)c4)C(=O)Nc5cncc(c56)cccc6,9.176304099
c1c(Cl)ccc(c12)OCC[C@@H]2C(=O)Nc3cncc(c34)ccc(F)c4,92.06013592
c1c(Cl)ccc(c12)OCCC2C(=O)Nc3cncc(c34)ccc(c4)OC,0.22707217
c1c(Cl)ccc(c12)OCC[C@@]2(C)C(=O)Nc3cncc(c34)cccc4,0.283626273
c1cc(Cl)c(Cl)cc1C(NCC2CC2)C(=O)Nc3cncc(c34)cccc4,1.745716104
[nH]1ccnc1NC(=O)COCC2(CCOc(c23)ccc(Cl)c3)C(=O)Nc4cncc(c45)cccc5,1.986142631
c1cccc(c12)cncc2NC(=O)C(CCO3)c(c34)cc(Cl)cc4OCCC,5.632962618
c1c(Cl)ccc(c12)OCC[C@]2(C)C(=O)Nc3cncc(c34)cccc4,19.49828661
c1c(Cl)c(F)cc(c12)OCC[C@H]2C(=O)Nc3cncc(c34)cccc4,0.120288369
c1c(Cl)c(F)cc(c12)OCC[C@]2(OC)C(=O)Nc3cncc(c34)cccc4,0.124498126
c1c(Cl)c(F)cc(c12)OCCC2C(=O)Nc3cncc(c34)cccc4,0.185607176
c1c(Cl)ccc(c12)NCC[C@H]2C(=O)Nc3cncc(c34)cccc4,0.230226281
c1c(Cl)ccc(c12)NCCC2C(=O)Nc3cncc(c34)cccc4,0.258756866
c1c(Cl)c(F)cc(c12)OCCC2(OC)C(=O)Nc3cncc(c34)cccc4,0.414825745
c1c(Cl)ccc(c12)OCC[C@]2(CC(=O)NC)C(=O)Nc3cncc(c34)cccc4,1.813820925
c1c(Cl)ccc(c12)OCCC2(COCC(=O)NC)C(=O)Nc3cncc(c34)cccc4,1.824847797
c1cccc(c12)cncc2NC(=O)C(CCO3)c(c34)cc(Cl)cc4OCC5CC5,2.487999916
c1cccc(c12)cncc2NC(=O)C(CCO3)c(c34)cc(Cl)cc4OCCC(F)(F)F,3.140030361
c1c(Cl)ccc(c12)OCCC2(CC(=O)NC)C(=O)Nc3cncc(c34)cccc4,3.330803468
c1c(Cl)c(Cl)cc(c12)OCC[C@]2(COC)C(=O)Nc3cncc(c34)cccc4,3.369605024
c1c(Cl)c(Cl)cc(c12)OCCC2(COC)C(=O)Nc3cncc(c34)cccc4,4.041976105
c1cccc(c12)cncc2NC(=O)C(c3cc(Cl)ccc3)NC(=O)COCC(=O)N4CCCC4,7.409468342
c1c(Cl)c(Cl)cc(c12)OCC[C@@]2(COC)C(=O)Nc3cncc(c34)cccc4,17.48353531
c1cc(Cl)c(Cl)cc1C(CO)C(=O)Nc2cncc(c23)cccc3,19.30841713
c1cccc(c12)cncc2NC(=O)C(CCO3)c(c34)cc(Cl)cc4OCc5cccnc5,24.93974693
c1c(Cl)ccc(c12)OCC[C@@]2(CC(=O)NC)C(=O)Nc3cncc(c34)cccc4,49.64046265
c1c(Cl)c(F)cc(c12)OCC[C@@]2(OC)C(=O)Nc3cncc(c34)cccc4,69.25316406
c1c(Cl)c(F)cc(c12)OCC[C@@H]2C(=O)Nc3cncc(c34)cccc4,99.5
c1c(Cl)ccc(c12)NCC[C@@H]2C(=O)Nc3cncc(c34)cccc4,99.5
c1c(Cl)ccc(c12)OCCC2C(=O)Nc3c[nH]c(=O)c(c34)cccc4,99.5
COc1cc(Cl)cc(c12)[C@@H](CCO2)C(=O)Nc3cncc(c34)cccc4,99.5
c1c(Cl)ccc(c12)OCC[C@@]2(OC([2H])([2H])[2H])C(=O)Nc3cncc(c34)cccc4,0.084033067
c1c(Cl)c(F)cc(c12)OCC[C@@H]2C(=O)Nc3cncc(c34)ccc(F)c4,0.253738229
c1c(Cl)c(F)cc(c12)OCCC2C(=O)Nc3cncc(c34)ccc(F)c4,0.314161224
c1c(Cl)ccc(c12)NC(=O)CC2C(=O)Nc3cncc(c34)cccc4,0.446544062
c1cc(Cl)c(Cl)cc1C(C)C(=O)Nc2cncc(c23)cccc3,0.75920678
c1c(Cl)ccc(c12)OCC[C@]2(CC(=O)N(C)C)C(=O)Nc3cncc(c34)cccc4,1.304695162
c1cccc(c12)cncc2NC(=O)C(c3cc(Cl)ccc3)NC[C@@H](O4)CC[C@@H]4C(=O)OC,1.715127253
c1c(Cl)ccc(c12)OCCC2(CC(=O)N(C)C)C(=O)Nc3cncc(c34)cccc4,2.924779685
c1cc(Cl)c(Cl)cc1C(NC(=O)C)C(=O)Nc2cncc(c23)cccc3,4.054566697
c1c(Cl)c(F)cc(c12)OCC[C@H]2C(=O)Nc3cncc(c34)ccc(F)c4,5.772884548
[nH]1nnnc1C2CCCN2C(=O)CC3(CCOc(c34)ccc(Cl)c4)C(=O)Nc5cncc(c56)cccc6,7.978041378
c1c(Cl)ccc(c12)OCC[C@@]2(CC(=O)N(C)C)C(=O)Nc3cncc(c34)cccc4,20.46019896
c1c(Cl)ccc(c12)OCC[C@@]2(OC([2H])([2H])[2H])C(=O)Nc3cncc(c34)ccc(F)c4,0.163757761
CC(C)(O)c(c1)ccc(c12)cncc2NC(=O)C3CCNc(c34)ccc(Cl)c4,0.353118253
n1[nH]cnc1C2CCCCN2C(=O)CC3(CCOc(c34)ccc(Cl)c4)C(=O)Nc5cncc(c56)cccc6,0.436516104
c1c(Cl)c(Cl)cc(c12)NCC[C@@H]2C(=O)Nc3cncc(c34)ccc(F)c4,0.167302781
c1c(Cl)c(Cl)cc(c12)NCCC2C(=O)Nc3cncc(c34)ccc(F)c4,0.249895865
c1c(Cl)c(Cl)cc(c12)NC(=O)CC2C(=O)Nc3cncc(c34)cccc4,0.275841782
c1c(Cl)ccc(c12)OCCC2(OC)C(=O)Nc3cncc(c34)ccnc4,0.831800589
c1c(Cl)c(Cl)cc(c12)NCC[C@H]2C(=O)Nc3cncc(c34)ccc(F)c4,12.06089706
c1c(Cl)c(Cl)cc(c12)NCC[C@H]2C(=O)Nc3cncc(c34)cccc4,0.047444574
c1c(Cl)c(F)cc(c12)OCCC2C(=O)Nc3cncc(c34)ccc(c4)OC,0.10725554
c1c(Cl)c(Cl)cc(c12)NCCC2C(=O)Nc3cncc(c34)cccc4,0.153551355
c1c(Cl)ccc(c12)O[C@H](C)C[C@H]2C(=O)Nc3cncc(c34)cccc4,0.231301768
c1c(Cl)ccc(c12)O[C@H](C)C[C@@H]2C(=O)Nc3cncc(c34)cccc4,0.679289734
n1ncn(c12)CCN(C2C)C(=O)CC3(CCOc(c34)ccc(Cl)c4)C(=O)Nc5cncc(c56)cccc6,2.520585723
c1c(Cl)ccc(c12)O[C@@H](C)C[C@H]2C(=O)Nc3cncc(c34)cccc4,20.07665763
c1c(Cl)ccc(OC(C2)C3)c1C23C(=O)Nc4cncc(c45)cc(cc5)S(=O)(=O)C,22.90832735
c1c(Cl)ccc(c12)O[C@@H](C)C[C@@H]2C(=O)Nc3cncc(c34)cccc4,52.07061386
c1cccc(c12)cncc2N3CCCC(C3=O)c4ccc(Cl)cc4,78.20944247
c1c(Cl)c(Cl)cc(c12)NCC[C@@H]2C(=O)Nc3cncc(c34)cccc4,99.5
c1c(Cl)c(Cl)cc(c12)NCC[C@@]2(C)C(=O)Nc3cncc(c34)cccc4,0.606594
c1cc(Cl)c(Cl)cc1C(C#N)C(=O)Nc2cncc(c23)cccc3,0.803102298
c1c(Cl)ccc(c12)OCCC2(CC(=O)O)C(=O)Nc3cncc(c34)cccc4,31.39869227
c1c(Cl)c(Cl)cc(c12)NCC[C@]2(C)C(=O)Nc3cncc(c34)cccc4,97.66078648
c1c(Cl)c(Cl)cc(c12)NCC[C@@H]2C(=O)Nc3cncc(c34)ccc(c4)OC,0.061987891
c1c(Cl)c(Cl)cc(c12)NCCC2C(=O)Nc3cncc(c34)ccc(c4)OC,0.130770284
c1ccc(Cl)cc1CC(=O)Nc2cncc(c23)ccc(c3)C(=O)N(C)C,3.345875384
FC(F)CC1COCCN1C(=O)CC2(CCOc(c23)ccc(Cl)c3)C(=O)Nc4cncc(c45)cccc5,10.14134481
c1c(Cl)ccc(c12)OCCC2(CS(=O)(=O)C)C(=O)Nc3cncc(c34)cccc4,15.6482071
c1c(Cl)c(Cl)cc(c12)NCC[C@H]2C(=O)Nc3cncc(c34)ccc(c4)OC,27.23714395
C1CC1(C#N)CS(=O)(=O)NCc(ccc(Cl)c2)c2CC(=O)Nc3cncc(c34)cccc4,0.13257649
c1cccc(c12)cncc2NC(=O)C(c3cc(Cl)ccc3)NC(=O)Cn(c4=O)cnc(c45)n(C)nc5,23.75092003
Clc1cc(Cl)cc(c12)C(CC(=O)N2)C(=O)Nc3cncc(c34)cccc4,3.105427815
c1ccc(Cl)cc1C(NC(=O)C)C(=O)Nc2cncc(c23)cccc3,9.127791337
c1c(Cl)ccc(c12)N(C)C(=O)CC2(O)C(=O)Nc3cncc(c34)cccc4,20.73011851
c1c(Cl)ccc(c12)OCCC2(CCC3CC3)C(=O)Nc4cncc(c45)cccc5,40.71113096
Clc1ccc(O)c(c12)OCCC2C(=O)Nc3cncc(c34)cccc4,99.5
c1c(Cl)ccc(c12)SCCC2C(=O)Nc3cncc(c34)cccc4,0.212912907
c1c(Cl)ccc(c12)OCC[C@@H]2C(=O)Nc3cncc(c34)ccnc4,0.991406538
c1c(Cl)ccc(c12)OCC[C@H]2C(=O)Nc3cncc(c34)ccnc4,7.462999821
NC(=O)C12CC(C1)(OC2)CNC(=O)CC3(CCOc(c34)ccc(Cl)c4)C(=O)Nc5cncc(c56)cccc6,9.051075705
c1cccc(c12)cncc2NC(=O)C(c3cc(Cl)ccc3)NC(=O)Cn(n4)nnc4-c5ccccc5,18.28571562
c1c(Cl)ccc(c12)NC(=O)CC2(O)C(=O)Nc3cncc(c34)cccc4,20.75590029
c1c(F)cc(F)c(c12)OCC[C@@]2(OC)C(=O)Nc3cncc(c34)cccc4,0.203549528
c1c(F)cc(F)c(c12)OCCC2(OC)C(=O)Nc3cncc(c34)cccc4,0.22474901
c1c(Cl)ccc(OCC2)c1C23CC(=O)N(C3)c4cncc(c45)cccc5,6.739963387
c1cc(Cl)c(Cl)cc1C(C2=O)NC(=O)N2c3cncc(c34)cccc4,8.459469933
FC(F)(F)c1ncn(n1)CC(=O)NC(c2cc(Cl)ccc2)C(=O)Nc3cncc(c34)cccc4,13.64499836
c1c(F)cc(F)c(c12)OCC[C@]2(OC)C(=O)Nc3cncc(c34)cccc4,35.34095
c1c(Cl)ccc(OC(C2)C3)c1C23C(=O)Nc4cncc(c45)cccc5Cl,75.10646285
c1c(Cl)ccc(OC(C2)C3)c1C23C(=O)Nc4cncc(c45)cc(Cl)cc5,99.5
c1c(Cl)ccc(c12)S(=O)(=O)CCC2C(=O)Nc3cncc(c34)cccc4,0.287629153
c1c(Cl)ccc(c12)S(=O)(=O)CCC2C(=O)Nc3cncc(c34)cc(Cl)cc4,0.838226524
c1c(Cl)ccc(c12)S(=O)(=O)CCC2C(=O)Nc3cncc(c34)ccc(c4)NS(=O)(=O)C,0.204251583
c1c(Cl)c(Cl)cc(c12)NCCC2C(=O)Nc3cncc(c34)ccnc4,0.521020551
c1ccc(Cl)cc1CC(=O)Nc2cncc(c23)cc(cc3)C(=O)NC,1.690338308
c1c(Cl)ccc(OC(C2)C3)c1C23C(=O)Nc4cncc(c45)cccc5,56.36062097
c1c(Cl)ccc(c12)S(=O)(=O)CC[C@H]2C(=O)Nc3cncc(c34)cc(F)cc4,0.294305828
c1c(Cl)ccc(c12)S(=O)(=O)CCC2C(=O)Nc3cncc(c34)cc(cc4)S(=O)(=O)C,0.744089673
c1c(Cl)ccc(c12)S(=O)(=O)CCC2C(=O)Nc3cncc(c34)cc(F)cc4,0.769685565
Cc(n1)nn(c12)CC(CC2)C(=O)NC(c3cc(Cl)ccc3)C(=O)Nc4cncc(c45)cccc5,4.984660833
CN(C)C(=O)COCC(=O)NC(c1cc(Cl)ccc1)C(=O)Nc2cncc(c23)cccc3,5.406172231
Clc1c(=O)[nH]c(=O)n(c1)CC(=O)NC(c2cc(Cl)ccc2)C(=O)Nc3cncc(c34)cccc4,9.334167192
c1c(Cl)ccc(c12)S(=O)(=O)CC[C@@H]2C(=O)Nc3cncc(c34)cc(F)cc4,24.54308311
c1c(Cl)c(F)cc(c12)OCC[C@H]2C(=O)Nc3cncc(c34)ccnc4,0.622830118
c1c(Cl)c(F)cc(c12)OCCC2C(=O)Nc3cncc(c34)ccnc4,1.099715878
c1cccc(c12)cncc2NC(=O)C(c3cc(Cl)ccc3)NC(=O)Cn(c4=O)ncn(c45)ncc5,19.51518428
c1c(Cl)c(F)cc(c12)OCC[C@@H]2C(=O)Nc3cncc(c34)ccnc4,99.5
O=c1ccn(c(=O)n1C)CC(=O)NC(c2cc(Cl)ccc2)C(=O)Nc3cncc(c34)cccc4,11.30941047
N#Cc1c(=O)[nH]c(=O)n(c1)CC(=O)NC(c2cc(Cl)ccc2)C(=O)Nc3cncc(c34)cccc4,21.23983691
c1c(Cl)ccc(OC(C2)C3)c1C23C(=O)Nc4cncc(c45)cc(F)cc5,76.59059828
c1cccc(c12)cncc2NC(=O)C(c3cc(Cl)ccc3)NC(=O)Cn(n4)c(=O)c(=O)n(c45)CCC5,2.757666758
c1cc(Cl)c(Cl)cc1C(N(C)C)C(=O)Nc2cncc(c23)cccc3,4.273810433
c1cc(Cl)cc(c12)OCCC2(CNc3c(=O)[nH]c(=O)[nH]c3)C(=O)Nc4cncc(c45)cccc5,5.358482825
CN(C)C(=O)c(c1)sc(c12)cncc2NC(=O)C3CCOc(c34)ccc(Cl)c4,0.39917913
c1ccc(Cl)cc1CC(=O)Nc2cncc(c23)ccc(c3)C(=O)NC,0.899304286
c1c(Cl)ccc(c12)OCC[C@H]2C(=O)Nc3cncc(c34)cncc4,3.098762719
c1c(Cl)c(Cl)cc(c12)NCCC2C(=O)Nc3cncc(c34)cncc4,1.038452535
NC(=O)C(C)c1cc(cc(Cl)c1)CC(=O)Nc2cncc(c23)cccc3,2.621824026
CNC(=O)c(c1)sc(c12)cncc2NC(=O)C3CCOc(c34)ccc(Cl)c4,0.570559691
c1cccc(c12)cncc2NC(=O)CC3(C(=O)NC)CCOc(c34)ccc(Cl)c4,30.70025505
c1cc(Cl)c(Cl)cc1C(NC)C(=O)Nc2cncc(c23)cccc3,4.758217909
c1c(Cl)ccc(c12)OCCC2C(=O)Nc3cncc(c34)CCNC4,6.162505563
NC(=O)c(c1)sc(c12)cncc2NC(=O)C3CCOc(c34)ccc(Cl)c4,0.760691934
c1ccc(Cl)cc1CC(=O)Nc2cncc(c23)cc(C(=O)N)cc3,1.586911867
c1c(Br)ccc(c12)OCCC2C(=O)Nc3cncc(c34)cccc4,0.850902886
c1ncccc1NC(=O)[C@@H](c2ccccc2)N(C3=O)Cc(c34)cccc4,99.5
c1c(Cl)ccc(c12)S(=O)(=O)NC[C@]2(C)C(=O)Nc3cncc(c34)CCCC4,0.213912997
c1c(Cl)ccc(c12)OCCC2C(=O)Nc3cncc(c34)sc(Cl)c4,1.0348006
c1c(Cl)ccc(c12)S(=O)(=O)NC[C@@]2(C)C(=O)Nc3cncc(c34)CCCC4,3.723155694
c1c(Cl)ccc(c12)CN(S(=O)(=O)CC3(C#N)CC3)CC2C(=O)Nc4nncn4C5CC5,55.3431987
c1c(Cl)ccc(c12)S(=O)(=O)NCC2(C)C(=O)Nc3cncc(c34)CCCC4,99.5
c1cncc(c1C)NC(=O)C(c2cc(Cl)ccc2)C(=O)c3cc(=O)[nH]c(c34)cccc4,15.7999881
c1c(Cl)ccc(c12)S(=O)(=O)NC[C@H]2C(=O)Nc3cncc(c34)CCCC4,0.205138508
c1c(Cl)ccc(c12)S(=O)(=O)NCC2C(=O)Nc3cncc(c34)CCCC4,0.451890593
c1c(Cl)ccc(c12)S(=O)(=O)NC[C@@H]2C(=O)Nc3cncc(c34)CCCC4,0.723364706
c1c(Cl)ccc(c12)OCCC2C(=O)Nc3cncc(c34)sc(C)c4,0.227853692
c1c(Cl)ccc(c12)CCC=C2C(=O)Nc3cncc(c34)cccc4,0.233267259
c1ccc(Cl)cc1CC(=O)Nc2cncc(c23)ccc(c3)C(=O)N,1.102764869
c1c(Cl)ccc(OCC2)c1C23CCN(C3)c4cncc(c45)cccc5Cl,99.5
Cc1cccc(c12)cncc2N(C3)CCC34c5c(OCC4)ccc(Cl)c5,99.5
c1c(Br)ccc(c12)NC(=O)CC2C(=O)Nc3cncc(c34)cccc4,1.122877724
c1c(Cl)ccc(c12)OCCC2C(=O)Nc3cncc(c34)C(CC4)NC,99.5
O=C1CC(N1)Oc(cc(Cl)c2)cc2CC(=O)Nc3cncc(c34)cccc4,0.212109312
O=C1CC(N1)Cc(cc(Cl)c2)cc2CC(=O)Nc3cncc(c34)cccc4,4.567054713
O=C1CCC(N1)Oc(cc(Cl)c2)cc2CC(=O)Nc3cncc(c34)cccc4,85.87402047
c1c(Cl)ccc(OCC2)c1C23CCN(C3)c4cncc(c45)cccc5,99.5
C1COc(c12)c(cc(Cl)c2)CC(=O)Nc3cncc(c34)cccc4,1.495312944
c1cc(Cl)c(Cl)cc1C(N)C(=O)Nc2cncc(c23)cccc3,3.381907493
c1c(Cl)ccc(c12)OCCC2C(=O)Nc3cncc(c34)C(N)CC4,25.79972532
c1cccc(c12)cncc2NC(=O)Cc3cc(cc(Cl)c3)Nc4c(OC)cc(Br)cc4,1.394848827
